{
  "tile_processors": [
    {
      "type": "reference",
      "id": "the_vault:raw/diamond_ore_placeholder"
    },
    {
      "type": "reference",
      "id": "the_vault:generic/room_base"
    },
    {
      "type": "reference",
      "id": "the_vault:generic/spawners/common_settings"
    },
    {
      "type": "reference",
      "id": "the_vault:generic/spawners/lush_cave_mobs"
    },
    {
      "type": "reference",
      "id": "the_vault:raw/chromatic_caves/spawner_settings"
    }
  ]
}