{
  "modifierGroup": {
    "BASE_ATTRIBUTES": [
      { "attribute": "the_vault:durability",
        "group": "BaseDurability",
        "identifier": "the_vault:base_durability",
        "tags": [
          "resilientFocusTarget"
        ],
        "tiers": [
          {
            "minLevel": 0,
            "maxLevel": 41,
            "weight": 100,
            "value": {
              "min": 520,
              "max": 1040,
              "step": 1
            }
          },
          {
            "minLevel": 21,
            "maxLevel": 50,
            "weight": 100,
            "value": {
              "min": 1041,
              "max": 1560,
              "step": 1
            }
          },
          {
            "minLevel": 42,
            "maxLevel": 58,
            "weight": 100,
            "value": {
              "min": 1561,
              "max": 2200,
              "step": 1
            }
          },
          {
            "minLevel": 51,
            "maxLevel": 72,
            "weight": 100,
            "value": {
              "min": 2201,
              "max": 3380,
              "step": 1
            }
          },
          {
            "minLevel": 59,
            "maxLevel": 79,
            "weight": 100,
            "value": {
              "min": 3381,
              "max": 4420,
              "step": 1
            }
          },
          {
            "minLevel": 65,
            "maxLevel": 85,
            "weight": 100,
            "value": {
              "min": 4421,
              "max": 5200,
              "step": 1
            }
          },
          {
            "minLevel": 73,
            "maxLevel": -1,
            "weight": 100,
            "value": {
              "min": 5201,
              "max": 6500,
              "step": 1
            }
          },
          {
            "minLevel": 80,
            "maxLevel": -1,
            "weight": 100,
            "value": {
              "min": 6501,
              "max": 7800,
              "step": 1
            }
          },
          {
            "minLevel": 90,
            "maxLevel": -1,
            "weight": 100,
            "value": {
              "min": 7801,
              "max": 10000,
              "step": 1
            }
          }
        ]
      },
      { "attribute": "the_vault:durability",
        "group": "BaseDurability",
        "identifier": "the_vault:offhand_base_durability",
        "tags": [
          "resilientFocusTarget"
        ],
        "tiers": [
          {
            "minLevel": 0,
            "maxLevel": 59,
            "weight": 10,
            "value": {
              "min": 400,
              "max": 800,
              "step": 1
            }
          },
          {
            "minLevel": 21,
            "maxLevel": -1,
            "weight": 10,
            "value": {
              "min": 801,
              "max": 1600,
              "step": 1
            }
          },
          {
            "minLevel": 60,
            "maxLevel": -1,
            "weight": 1000,
            "value": {
              "min": 1601,
              "max": 2400,
              "step": 1
            }
          },
          {
            "minLevel": 80,
            "maxLevel": -1,
            "weight": 1000,
            "value": {
              "min": 2401,
              "max": 4000,
              "step": 1
            }
          }
        ]
      },
      { "attribute": "the_vault:living",
      "group": "BaseLiving",
      "identifier": "the_vault:u_living",
      "tags": [
      ],
      "tiers": [
        {
          "minLevel": 0,
          "maxLevel": -1,
          "weight": 1,
          "value": {
            "flag": true
          }
        }
      ]
    }
    ],
    "IMPLICIT": [
      { "attribute": "the_vault:movement_speed",
        "group": "BaseBonusPool",
        "identifier": "the_vault:base_movement",

        "tiers": [
          {
            "minLevel": 0,
            "maxLevel": 64,
            "weight": 100,
            "value": {
              "min": 0.02,
              "max": 0.06,
              "step": 0.01
            }
          },
          {
            "minLevel": 40,
            "maxLevel": 84,
            "weight": 100,
            "value": {
              "min": 0.07,
              "max": 0.1,
              "step": 0.01
            }
          },
          {
            "minLevel": 65,
            "maxLevel": -1,
            "weight": 100,
            "value": {
              "min": 0.11,
              "max": 0.14,
              "step": 0.01
            }
          },
          {
            "minLevel": 85,
            "maxLevel": -1,
            "weight": 100,
            "value": {
              "min": 0.15,
              "max": 0.2,
              "step": 0.01
            }
          }
        ]
      },
      { "attribute": "the_vault:armor",
        "group": "BaseModAbility",
        "identifier": "the_vault:base_armor",
        "tiers": [
          {
            "minLevel": 0,
            "maxLevel": 13,
            "weight": 100,
            "value": {
              "min": 3,
              "max": 5,
              "step": 1
            }
          },
          {
            "minLevel": 14,
            "maxLevel": 26,
            "weight": 100,
            "value": {
              "min": 6,
              "max": 7,
              "step": 1
            }
          },
          {
            "minLevel": 27,
            "maxLevel": 39,
            "weight": 100,
            "value": {
              "min": 8,
              "max": 10,
              "step": 1
            }
          },
          {
            "minLevel": 40,
            "maxLevel": 51,
            "weight": 100,
            "value": {
              "min": 11,
              "max": 13,
              "step": 1
            }
          },
          {
            "minLevel": 52,
            "maxLevel": 64,
            "weight": 100,
            "value": {
              "min": 14,
              "max": 16,
              "step": 1
            }
          },
          {
            "minLevel": 65,
            "maxLevel": -1,
            "weight": 100,
            "value": {
              "min": 17,
              "max": 20,
              "step": 1
            }
          },
          {
            "minLevel": 74,
            "maxLevel": -1,
            "weight": 100,
            "value": {
              "min": 21,
              "max": 23,
              "step": 1
            }
          },
          {
            "minLevel": 86,
            "maxLevel": -1,
            "weight": 100,
            "value": {
              "min": 24,
              "max": 27,
              "step": 1
            }
          },
          {
            "minLevel": 97,
            "maxLevel": -1,
            "weight": 100,
            "value": {
              "min": 28,
              "max": 30,
              "step": 1
            }
          }
        ]
      },
      { "attribute": "the_vault:health",
        "group": "ModHealthMana",
        "identifier": "the_vault:base_health",
        "tags": [
          "focusHealth"
        ],
        "tiers": [
          {
            "minLevel": 0,
            "maxLevel": 68,
            "weight": 500,
            "value": {
              "min": 2,
              "max": 3,
              "step": 1
            }
          },
          {
            "minLevel": 16,
            "maxLevel": -1,
            "weight": 500,
            "value": {
              "min": 4,
              "max": 5,
              "step": 1
            }
          },
          {
            "minLevel": 29,
            "maxLevel": -1,
            "weight": 500,
            "value": {
              "min": 6,
              "max": 7,
              "step": 1
            }
          },
          {
            "minLevel": 47,
            "maxLevel": -1,
            "weight": 500,
            "value": {
              "min": 8,
              "max": 9,
              "step": 1
            }
          },
          {
            "minLevel": 69,
            "maxLevel": -1,
            "weight": 500,
            "value": {
              "min": 10,
              "max": 11,
              "step": 1
            }
          },
          {
            "minLevel": 88,
            "maxLevel": -1,
            "weight": 500,
            "value": {
              "min": 12,
              "max": 12,
              "step": 1
            }
          },
          {
            "minLevel": 101,
            "maxLevel": -1,
            "weight": 100,
            "value": {
              "min": 13,
              "max": 15,
              "step": 1
            }
          },
          {
            "minLevel": 102,
            "maxLevel": -1,
            "weight": 100,
            "value": {
              "min": 16,
              "max": 18,
              "step": 1
            }
          }
        ]
      },
      { "attribute": "the_vault:ability_power",
      "group": "BaseBonusPool",
      "identifier": "the_vault:base_ap",

      "tiers": [
        {
          "minLevel": 0,
          "maxLevel": 33,
          "weight": 100,
          "value": {
            "min": 2.0,
            "max": 6.0,
            "step": 0.5
          }
        },
        {
          "minLevel": 12,
          "maxLevel": 46,
          "weight": 100,
          "value": {
            "min": 7.0,
            "max": 12.0,
            "step": 0.5
          }
        },
        {
          "minLevel": 20,
          "maxLevel": 61,
          "weight": 100,
          "value": {
            "min": 13.0,
            "max": 16.0,
            "step": 0.5
          }
        },
        {
          "minLevel": 34,
          "maxLevel": 79,
          "weight": 100,
          "value": {
            "min": 17.0,
            "max": 20.0,
            "step": 0.5
          }
        },
        {
          "minLevel": 47,
          "maxLevel": -1,
          "weight": 100,
          "value": {
            "min": 21.0,
            "max": 24.0,
            "step": 0.5
          }
        },
        {
          "minLevel": 62,
          "maxLevel": -1,
          "weight": 100,
          "value": {
            "min": 25.0,
            "max": 28.0,
            "step": 0.5
          }
        },
        {
          "minLevel": 71,
          "maxLevel": -1,
          "weight": 100,
          "value": {
            "min": 29.0,
            "max": 33.0,
            "step": 0.5
          }
        },
        {
          "minLevel": 80,
          "maxLevel": -1,
          "weight": 100,
          "value": {
            "min": 34.0,
            "max": 38.0,
            "step": 0.5
          }
        },
        {
          "minLevel": 86,
          "maxLevel": -1,
          "weight": 100,
          "value": {
            "min": 39.0,
            "max": 44.0,
            "step": 0.5
          }
        },
        {
          "minLevel": 96,
          "maxLevel": -1,
          "weight": 100,
          "value": {
            "min": 45.0,
            "max": 50.0,
            "step": 0.5
          }
        }
      ]
      },
      { "attribute": "the_vault:lucky_hit_chance",
        "group": "BaseBonusPool",
        "identifier": "the_vault:base_lucky_hit_chance",
        "tiers": [
          {
            "minLevel": 0,
            "maxLevel": -1,
            "weight": 10,
            "value": {
              "min": 0.03,
              "max": 0.04,
              "step": 0.01
            }
          },
          {
            "minLevel": 40,
            "maxLevel": -1,
            "weight": 10,
            "value": {
              "min": 0.05,
              "max": 0.07,
              "step": 0.01
            }
          }
        ]
      },
      { "attribute": "the_vault:mana_additive",
      "group": "BaseBonusPool",
      "identifier": "the_vault:base_mana_additive",
      "tags": [
      ],
      "tiers": [
        {
          "minLevel": 0,
          "maxLevel": 94,
          "weight": 100,
          "value": {
            "min": 20,
            "max": 30,
            "step": 1
          }
        },
        {
          "minLevel": 40,
          "maxLevel": 92,
          "weight": 100,
          "value": {
            "min": 31,
            "max": 40,
            "step": 1
          }
        },
        {
          "minLevel": 70,
          "maxLevel": -1,
          "weight": 100,
          "value": {
            "min": 41,
            "max": 50,
            "step": 1
          }
        },
        {
          "minLevel": 95,
          "maxLevel": -1,
          "weight": 100,
          "value": {
            "min": 51,
            "max": 60,
            "step": 1
          }
        }
      ]
      },
      { "attribute": "the_vault:mana_additive",
      "group": "BaseBonusPool",
      "identifier": "the_vault:base_offhand_mana_additive",
      "tags": [
      ],
      "tiers": [

            {
              "minLevel": 0,
              "maxLevel": -1,
              "weight": 10,
              "value": {
                "min": 10,
                "max": 20,
                "step": 1
              }
            },
            {
              "minLevel": 22,
              "maxLevel": -1,
              "weight": 10,
              "value": {
                "min": 21,
                "max": 40,
                "step": 1
              }
            },
            {
              "minLevel": 52,
              "maxLevel": -1,
              "weight": 10,
              "value": {
                "min": 41,
                "max": 70,
                "step": 1
              }
            },
            {
              "minLevel": 70,
              "maxLevel": -1,
              "weight": 10,
              "value": {
                "min": 71,
                "max": 90,
                "step": 1
              }
            },
            {
              "minLevel": 96,
              "maxLevel": -1,
              "weight": 10,
              "value": {
                "min": 91,
                "max": 100,
                "step": 1
              }
            }
          ]
      },
      { "attribute": "the_vault:attack_damage",
        "group": "BaseAttackDamage",
        "identifier": "the_vault:base_attack_damage",
        "tiers": [
          {
            "minLevel": 0,
            "maxLevel": 15,
            "weight": 10,
            "value": {
              "min": 8.0,
              "max": 10.0,
              "step": 0.5
            }
          },
          {
            "minLevel": 10,
            "maxLevel": 47,
            "weight": 10,
            "value": {
              "min": 11.0,
              "max": 12.0,
              "step": 0.5
            }
          },
          {
            "minLevel": 16,
            "maxLevel": 57,
            "weight": 10,
            "value": {
              "min": 13.0,
              "max": 14.0,
              "step": 0.5
            }
          },
          {
            "minLevel": 25,
            "maxLevel": 63,
            "weight": 10,
            "value": {
              "min": 16.0,
              "max": 18.0,
              "step": 0.5
            }
          },
          {
            "minLevel": 36,
            "maxLevel": 71,
            "weight": 10,
            "value": {
              "min": 19.0,
              "max": 21.0,
              "step": 0.5
            }
          },
          {
            "minLevel": 48,
            "maxLevel": 82,
            "weight": 10,
            "value": {
              "min": 22.0,
              "max": 24.0,
              "step": 0.5
            }
          },
          {
            "minLevel": 58,
            "maxLevel": 89,
            "weight": 10,
            "value": {
              "min": 25.0,
              "max": 27.0,
              "step": 0.5
            }
          },
          {
            "minLevel": 64,
            "maxLevel": -1,
            "weight": 10,
            "value": {
              "min": 28.0,
              "max": 30.0,
              "step": 0.5
            }
          },
          {
            "minLevel": 72,
            "maxLevel": -1,
            "weight": 10,
            "value": {
              "min": 31.0,
              "max": 33.0,
              "step": 0.5
            }
          },
          {
            "minLevel": 83,
            "maxLevel": -1,
            "weight": 10,
            "value": {
              "min": 34.0,
              "max": 36.0,
              "step": 0.5
            }
          },
          {
            "minLevel": 90,
            "maxLevel": -1,
            "weight": 10,
            "value": {
              "min": 37.0,
              "max": 39.0,
              "step": 0.5
            }
          },
          {
            "minLevel": 95,
            "maxLevel": -1,
            "weight": 10,
            "value": {
              "min": 40.0,
              "max": 42.0,
              "step": 0.5
            }
          },
          {
            "minLevel": 100,
            "maxLevel": -1,
            "weight": 10,
            "value": {
              "min": 43.0,
              "max": 50.0,
              "step": 0.5
            }
          }
        ]
      },
      { "attribute": "the_vault:attack_speed",
        "group": "BaseAttackSpeed",
        "identifier": "the_vault:base_attack_speed",
        "tiers": [
          {
            "minLevel": 0,
            "maxLevel": -1,
            "weight": 10,
            "value": {
              "min": -2.4,
              "max": -2.3,
              "step": 0.01
            }
          },
          {
            "minLevel": 50,
            "maxLevel": -1,
            "weight": 10,
            "value": {
              "min": -2.29,
              "max": -2.2,
              "step": 0.01
            }
          }
        ]
      },
      { "attribute": "the_vault:critical_hit_mitigation",
        "group": "uCritHitImplicit",
        "identifier": "the_vault:u_base_crit_hit",
        
        "tiers": [
          {
            "minLevel": 0,
            "maxLevel": 39,
            "weight": 100,
            "value": {
              "min": 0.05,
              "max": 0.15,
              "step": 0.01
            }
          },
          {
            "minLevel": 40,
            "maxLevel": -1,
            "weight": 100,
            "value": {
              "min": 0.16,
              "max": 0.3,
              "step": 0.01
            }
          }
        ]
      },
      { "attribute": "the_vault:critical_hit_mitigation",
        "group": "uCritHitImplicit",
        "identifier": "the_vault:u_critical_hit_mitigation",
        
        "tiers": [
          {
            "minLevel": 0,
            "maxLevel": 39,
            "weight": 100,
            "value": {
              "min": 0.05,
              "max": 0.2,
              "step": 0.01
            }
          },
          {
            "minLevel": 40,
            "maxLevel": -1,
            "weight": 100,
            "value": {
              "min": 0.21,
              "max": 0.5,
              "step": 0.01
            }
          }
        ]
      },
      { "attribute": "the_vault:jewel_size",
        "group": "ModHealthMana",
        "identifier": "the_vault:u_jewel_size",
        "tags": [
          "focusHealth"
        ],
        "tiers": [
          {
            "minLevel": 0,
            "maxLevel": -1,
            "weight": 500,
            "value": {
              "min": 5,
              "max": 5,
              "step": 1
            }
          }
        ]
      },
      { "attribute": "the_vault:jewel_size",
        "group": "ModHealthMana",
        "identifier": "the_vault:u_jewel_size_manabloom",
        "tags": [
          "focusJewel"
        ],
        "tiers": [
          {
            "minLevel": 0,
            "maxLevel": -1,
            "weight": 500,
            "value": {
              "min": 20,
              "max": 40,
              "step": 1
            }
          }
        ]
      },
      { "attribute": "the_vault:thorns_damage_flat",
        "group": "BaseBlock",
        "identifier": "the_vault:base_thorns_damage_flat",
        "tiers": [
          {
            "minLevel": 0,
            "maxLevel": 35,
            "weight": 10,
            "value": {
              "min": 6.0,
              "max": 9.0,
              "step": 0.5
            }
          },
          {
            "minLevel": 19,
            "maxLevel": 49,
            "weight": 10,
            "value": {
              "min": 10.0,
              "max": 15.0,
              "step": 0.5
            }
          },
          {
            "minLevel": 36,
            "maxLevel": 67,
            "weight": 10,
            "value": {
              "min": 16.0,
              "max": 22.0,
              "step": 0.5
            }
          },
          {
            "minLevel": 50,
            "maxLevel": -1,
            "weight": 10,
            "value": {
              "min": 23.0,
              "max": 30.0,
              "step": 0.5
            }
          },
          {
            "minLevel": 68,
            "maxLevel": -1,
            "weight": 10,
            "value": {
              "min": 31.0,
              "max": 40.0,
              "step": 0.5
            }
          },
          {
            "minLevel": 90,
            "maxLevel": -1,
            "weight": 10,
            "value": {
              "min": 41.0,
              "max": 50.0,
              "step": 0.5
            }
          }
        ]
      },
      { "attribute": "the_vault:block",
        "group": "BaseBlock",
        "identifier": "the_vault:u_base_block",
        "tiers": [
          {
            "minLevel": 0,
            "maxLevel": 35,
            "weight": 10,
            "value": {
              "min": 0.05,
              "max": 0.1,
              "step": 0.01
            }
          },
          {
            "minLevel": 18,
            "maxLevel": 51,
            "weight": 10,
            "value": {
              "min": 0.11,
              "max": 0.15,
              "step": 0.01
            }
          },
          {
            "minLevel": 42,
            "maxLevel": -1,
            "weight": 10,
            "value": {
              "min": 0.16,
              "max": 0.2,
              "step": 0.01
            }
          },
          {
            "minLevel": 52,
            "maxLevel": -1,
            "weight": 10,
            "value": {
              "min": 0.21,
              "max": 0.25,
              "step": 0.01
            }
          },
          {
            "minLevel": 85,
            "maxLevel": -1,
            "weight": 10,
            "value": {
              "min": 0.26,
              "max": 0.4,
              "step": 0.01
            }
          }
        ]
      }
    ],
    "PREFIX": [
      { "attribute": "the_vault:thorns_damage_flat",
        "group": "ModBlockThorns",
        "identifier": "the_vault:u_thorns_damage",
        "tags": [
          "focusThornsDamage"
        ],
        "tiers": [
          {
            "minLevel": 0,
            "maxLevel": 65,
            "weight": 10,
            "value": {
              "min": 6.0,
              "max": 20.0,
              "step": 0.5
            }
          },
          {
            "minLevel": 66,
            "maxLevel": -1,
            "weight": 10,
            "value": {
              "min": 21.0,
              "max": 40.0,
              "step": 0.5
            }
          },
          {
            "minLevel": 90,
            "maxLevel": -1,
            "weight": 10,
            "value": {
              "min": 41.0,
              "max": 50.0,
              "step": 0.5
            }
          }
        ]
      },
      { "attribute": "the_vault:ability_power",
      "group": "BaseBonusPool",
      "identifier": "the_vault:mod_ap",

      "tiers": [
        {
          "minLevel": 0,
          "maxLevel": 33,
          "weight": 100,
          "value": {
            "min": 2.0,
            "max": 6.0,
            "step": 0.5
          }
        },
        {
          "minLevel": 12,
          "maxLevel": 46,
          "weight": 100,
          "value": {
            "min": 7.0,
            "max": 12.0,
            "step": 0.5
          }
        },
        {
          "minLevel": 20,
          "maxLevel": 61,
          "weight": 100,
          "value": {
            "min": 13.0,
            "max": 16.0,
            "step": 0.5
          }
        },
        {
          "minLevel": 34,
          "maxLevel": 79,
          "weight": 100,
          "value": {
            "min": 17.0,
            "max": 20.0,
            "step": 0.5
          }
        },
        {
          "minLevel": 47,
          "maxLevel": -1,
          "weight": 100,
          "value": {
            "min": 21.0,
            "max": 24.0,
            "step": 0.5
          }
        },
        {
          "minLevel": 62,
          "maxLevel": -1,
          "weight": 100,
          "value": {
            "min": 25.0,
            "max": 28.0,
            "step": 0.5
          }
        },
        {
          "minLevel": 71,
          "maxLevel": -1,
          "weight": 100,
          "value": {
            "min": 29.0,
            "max": 33.0,
            "step": 0.5
          }
        },
        {
          "minLevel": 80,
          "maxLevel": -1,
          "weight": 100,
          "value": {
            "min": 34.0,
            "max": 38.0,
            "step": 0.5
          }
        },
        {
          "minLevel": 86,
          "maxLevel": -1,
          "weight": 100,
          "value": {
            "min": 39.0,
            "max": 44.0,
            "step": 0.5
          }
        },
        {
          "minLevel": 96,
          "maxLevel": -1,
          "weight": 100,
          "value": {
            "min": 45.0,
            "max": 50.0,
            "step": 0.5
          }
        }
      ]
      },
      { "attribute": "the_vault:resistance",
        "group": "ModResistance",
        "identifier": "the_vault:mod_resistance",
        "tags": [
          "focusResistance"
        ],
        "tiers": [
          {
            "minLevel": 17,
            "maxLevel": 81,
            "weight": 600,
            "value": {
              "min": 0.04,
              "max": 0.06,
              "step": 0.01
            }
          },
          {
            "minLevel": 36,
            "maxLevel": -1,
            "weight": 600,
            "value": {
              "min": 0.07,
              "max": 0.09,
              "step": 0.01
            }
          },
          {
            "minLevel": 57,
            "maxLevel": -1,
            "weight": 600,
            "value": {
              "min": 0.1,
              "max": 0.12,
              "step": 0.01
            }
          },
          {
            "minLevel": 82,
            "maxLevel": -1,
            "weight": 600,
            "value": {
              "min": 0.13,
              "max": 0.16,
              "step": 0.01
            }
          },
          {
            "minLevel": 101,
            "maxLevel": -1,
            "weight": 100,
            "value": {
              "min": 0.17,
              "max": 0.18,
              "step": 0.01
            }
          },
          {
            "minLevel": 102,
            "maxLevel": -1,
            "weight": 100,
            "value": {
              "min": 0.19,
              "max": 0.20,
              "step": 0.01
            }
          }
        ]
      },
      { "attribute": "the_vault:lucky_hit_chance",
        "group": "BaseBonusPool",
        "identifier": "the_vault:jester_lucky_hit",
        "tiers": [
          {
            "minLevel": 0,
            "maxLevel": -1,
            "weight": 10,
            "value": {
              "min": 0.05,
              "max": 0.1,
              "step": 0.01
            }
          },
          {
            "minLevel": 50,
            "maxLevel": -1,
            "weight": 10,
            "value": {
              "min": 0.06,
              "max": 0.15,
              "step": 0.01
            }
          }
        ]
      },
      {
        "attribute": "the_vault:attack_damage",
        "group": "ModAttackDamage",
        "identifier": "the_vault:attackdamage",
        "tags": [],
        "tiers": [
          {
            "minLevel": 0,
            "maxLevel": -1,
            "weight": 20,
            "value": {
              "min": 1.0,
              "max": 1.5,
              "step": 0.1
            }
          },
          {
            "minLevel": 10,
            "maxLevel": -1,
            "weight": 18,
            "value": {
              "min": 1.6,
              "max": 2.0,
              "step": 0.1
            }
          },
          {
            "minLevel": 20,
            "maxLevel": -1,
            "weight": 15,
            "value": {
              "min": 2.1,
              "max": 2.5,
              "step": 0.1
            }
          }
        ]
      },
      {
        "attribute": "the_vault:effect_avoidance",
        "group": "ModPoisonAvoidance",
        "identifier": "the_vault:poisonavoidance",
        "tags": [],
        "tiers": [
          {
            "minLevel": 0,
            "maxLevel": -1,
            "weight": 10,
            "value": {
              "effectKey": "minecraft:poison",
              "minChance": 0.1,
              "maxChance": 0.2,
              "step": 0.05
            }
          },
          {
            "minLevel": 15,
            "maxLevel": -1,
            "weight": 10,
            "value": {
              "effectKey": "minecraft:poison",
              "minChance": 0.21,
              "maxChance": 0.3,
              "step": 0.05
            }
          }
        ]
      },
      { 
        "attribute": "the_vault:added_ability_level",
        "group": "ModAbility",
        "identifier": "the_vault:u_coldsnap",
        "tags": [
          "focusAbilityPower",
          "focusAbilityPowerStonefall"
        ],
        "tiers": [
          {
            "minLevel": 0,
            "maxLevel": -1,
            "weight": 20,
            "value": {
              "abilityKey": "Stonefall_Cold",
              "levelChange": 1
            }
          },
          {
            "minLevel": 0,
            "maxLevel": -1,
            "weight": 20,
            "value": {
              "abilityKey": "Stonefall_Cold",
              "levelChange": 2
            }
          },
          {
            "minLevel": 0,
            "maxLevel": -1,
            "weight": 20,
            "value": {
              "abilityKey": "Stonefall_Cold",
              "levelChange": 3
            }
          },
          {
            "minLevel": 0,
            "maxLevel": -1,
            "weight": 20,
            "value": {
              "abilityKey": "Stonefall_Cold",
              "levelChange": 4
            }
          }
        ]
      },
      { "attribute": "the_vault:added_ability_level",
        "group": "ModAbility",
        "identifier": "the_vault:mod_fear",
        "tags": [
        ],
        "tiers": [
          {
            "minLevel": 25,
            "maxLevel": -1,
            "weight": 8,
            "value": {
              "abilityKey": "Taunt_Repel",
              "levelChange": 4
            }
          },
          {
            "minLevel": 25,
            "maxLevel": -1,
            "weight": 20,
            "value": {
              "abilityKey": "Taunt_Repel",
              "levelChange": 5
            }
          },
          {
            "minLevel": 25,
            "maxLevel": -1,
            "weight": 20,
            "value": {
              "abilityKey": "Taunt_Repel",
              "levelChange": 6
            }
          },
          {
            "minLevel": 25,
            "maxLevel": -1,
            "weight": 20,
            "value": {
              "abilityKey": "Taunt_Repel",
              "levelChange": 7
            }
          },
          {
            "minLevel": 25,
            "maxLevel": -1,
            "weight": 8,
            "value": {
              "abilityKey": "Taunt_Repel",
              "levelChange": 8
            }
          }
        ]
      },
      { "attribute": "the_vault:added_ability_level",
        "group": "ModAbility",
        "identifier": "the_vault:u_entropic_bind",
        "tags": [
        ],
        "tiers": [
          {
            "minLevel": 25,
            "maxLevel": -1,
            "weight": 8,
            "value": {
              "abilityKey": "Empower_Slowness_Aura",
              "levelChange": 1
            }
          },
          {
            "minLevel": 25,
            "maxLevel": -1,
            "weight": 20,
            "value": {
              "abilityKey": "Empower_Slowness_Aura",
              "levelChange": 2
            }
          },
          {
            "minLevel": 25,
            "maxLevel": -1,
            "weight": 20,
            "value": {
              "abilityKey": "Empower_Slowness_Aura",
              "levelChange": 3
            }
          }
        ]
      },
      { "attribute": "the_vault:added_ability_level",
        "group": "ModAbility",
        "identifier": "the_vault:u_all_skills",
        "tags": [
        ],
        "tiers": [
          {
            "minLevel": 0,
            "maxLevel": -1,
            "weight": 8,
            "value": {
              "levelChange": 1,
              "abilityKey": "all_abilities"
            }
          },
          {
            "minLevel": 25,
            "maxLevel": -1,
            "weight": 20,
            "value": {
              "levelChange": 2,
              "abilityKey": "all_abilities"
            }
          }
        ]
      },
      { "attribute": "the_vault:damage_increase",
        "group": "ModResistance",
        "identifier": "the_vault:mod_damage_increase",
        "tags": [
          "focusDamage"
        ],
        "tiers": [
          {
            "minLevel": 0,
            "maxLevel": 72,
            "weight": 600,
            "value": {
              "min": 0.05,
              "max": 0.09,
              "step": 0.01
            }
          },
          {
            "minLevel": 21,
            "maxLevel": 89,
            "weight": 600,
            "value": {
              "min": 0.1,
              "max": 0.14,
              "step": 0.01
            }
          },
          {
            "minLevel": 44,
            "maxLevel": -1,
            "weight": 600,
            "value": {
              "min": 0.15,
              "max": 0.21,
              "step": 0.01
            }
          },
          {
            "minLevel": 73,
            "maxLevel": -1,
            "weight": 600,
            "value": {
              "min": 0.22,
              "max": 0.28,
              "step": 0.01
            }
          },
          {
            "minLevel": 90,
            "maxLevel": -1,
            "weight": 600,
            "value": {
              "min": 0.29,
              "max": 0.35,
              "step": 0.01
            }
          },
          {
            "minLevel": 101,
            "maxLevel": -1,
            "weight": 100,
            "value": {
              "min": 0.36,
              "max": 0.5,
              "step": 0.01
            }
          },
          {
            "minLevel": 102,
            "maxLevel": -1,
            "weight": 100,
            "value": {
              "min": 0.51,
              "max": 0.75,
              "step": 0.01
            }
          }
        ]
      },
      { "attribute": "the_vault:added_ability_level",
        "group": "ModAbility",
        "identifier": "the_vault:mod_jav_scatter",
        "tags": [
        ],
        "tiers": [
          {
            "minLevel": 0,
            "maxLevel": -1,
            "weight": 20,
            "value": {
              "abilityKey": "Javelin_Scatter",
              "levelChange": 1
            }
          },
          {
            "minLevel": 25,
            "maxLevel": -1,
            "weight": 20,
            "value": {
              "abilityKey": "Javelin_Scatter",
              "levelChange": 2
            }
          },
          {
            "minLevel": 50,
            "maxLevel": -1,
            "weight": 10,
            "value": {
              "abilityKey": "Javelin_Scatter",
              "levelChange": 3
            }
          }
        ]
      },
      { "attribute": "the_vault:health",
        "group": "ModHealthMana",
        "identifier": "the_vault:mod_health",
        "tags": [
          "focusHealth"
        ],
        "tiers": [
          {
            "minLevel": 0,
            "maxLevel": 68,
            "weight": 500,
            "value": {
              "min": 2,
              "max": 3,
              "step": 1
            }
          },
          {
            "minLevel": 16,
            "maxLevel": -1,
            "weight": 500,
            "value": {
              "min": 4,
              "max": 5,
              "step": 1
            }
          },
          {
            "minLevel": 29,
            "maxLevel": -1,
            "weight": 500,
            "value": {
              "min": 6,
              "max": 7,
              "step": 1
            }
          },
          {
            "minLevel": 47,
            "maxLevel": -1,
            "weight": 500,
            "value": {
              "min": 8,
              "max": 9,
              "step": 1
            }
          },
          {
            "minLevel": 69,
            "maxLevel": -1,
            "weight": 500,
            "value": {
              "min": 10,
              "max": 11,
              "step": 1
            }
          },
          {
            "minLevel": 88,
            "maxLevel": -1,
            "weight": 500,
            "value": {
              "min": 12,
              "max": 12,
              "step": 1
            }
          },
          {
            "minLevel": 101,
            "maxLevel": -1,
            "weight": 100,
            "value": {
              "min": 13,
              "max": 15,
              "step": 1
            }
          },
          {
            "minLevel": 102,
            "maxLevel": -1,
            "weight": 100,
            "value": {
              "min": 16,
              "max": 18,
              "step": 1
            }
          }
        ]
      },
      { "attribute": "the_vault:damage_baby",
        "group": "uDamageBaby",
        "identifier": "the_vault:mod_damage_baby",
        "tags": [
          "focusDamageToddler"
        ],
        "tiers": [
          {
            "minLevel": 0,
            "maxLevel": 61,
            "weight": 10,
            "value": {
              "min": 0.2,
              "max": 0.39,
              "step": 0.01
            }
          },
          {
            "minLevel": 62,
            "maxLevel": 89,
            "weight": 10,
            "value": {
              "min": 0.4,
              "max": 0.59,
              "step": 0.01
            }
          },
          {
            "minLevel": 90,
            "maxLevel": -1,
            "weight": 10,
            "value": {
              "min": 0.6,
              "max": 1.0,
              "step": 0.01
            }
          }
        ]
      },
      { "attribute": "the_vault:ability_special_modification",
        "group": "ModEnhancement",
        "identifier": "the_vault:unique_frost_nova_vulnerability",
        "tags": [],
        "tiers": [
          {
            "minLevel": 0,
            "maxLevel": -1,
            "weight": 5,
            "value": {
              "specialModificationKey": "the_vault:frost_nova_vulnerability",
              "abilityKey": "Nova_Slow",
              "textColor": 14076214,
              "highlightColor": 6082075,
              "min": 1,
              "max": 2,
              "step": 1
            }
          },
          {
            "minLevel": 65,
            "maxLevel": -1,
            "weight": 5,
            "value": {
              "specialModificationKey": "the_vault:frost_nova_vulnerability",
              "abilityKey": "Nova_Slow",
              "textColor": 14076214,
              "highlightColor": 6082075,
              "min": 3,
              "max": 4,
              "step": 1
            }
          }
        ]
      },
      
      { "attribute": "the_vault:ability_area_of_effect_percent",
        "group": "ModEnhancement",
        "identifier": "the_vault:fear_effect_increase",
        "tags": [],
        "tiers": [
          {
            "minLevel": 0,
            "maxLevel": 59,
            "weight": 5,
            "value": {
              "min": 0.2,
              "max": 0.4,
              "step": 0.01,
              "abilityKey": "Taunt_Repel"
            }
          },
          {
            "minLevel": 60,
            "maxLevel": 79,
            "weight": 5,
            "value": {
              "min": 0.41,
              "max": 0.6,
              "step": 0.01,
              "abilityKey": "Taunt_Repel"
            }
          },
          {
            "minLevel": 80,
            "maxLevel": -1,
            "weight": 5,
            "value": {
              "min": 0.61,
              "max": 1.0,
              "step": 0.01,
              "abilityKey": "Taunt_Repel"
            }
          }
        ]
      },
      { "attribute": "the_vault:ability_area_of_effect_percent",
        "group": "ModEnhancement",
        "identifier": "the_vault:storm_aoe_reduce",
        "tags": [],
        "tiers": [
          {
            "minLevel": 90,
            "maxLevel": -1,
            "weight": 5,
            "value": {
              "min": -0.8,
              "max": -0.6,
              "step": 0.01,
              "abilityKey": "Storm_Arrow_Base"
            }
          }
        ]
      },
      { "attribute": "the_vault:ability_area_of_effect_percent",
        "group": "ModEnhancement",
        "identifier": "the_vault:fireball_aoe_increase",
        "tags": [],
        "tiers": [
          {
            "minLevel": 0,
            "maxLevel": -1,
            "weight": 5,
            "value": {
              "min": 0.1,
              "max": 0.24,
              "step": 0.01,
              "abilityKey": "Fireball_Base"
            }
          },
          {
            "minLevel": 65,
            "maxLevel": -1,
            "weight": 5,
            "value": {
              "min": 0.25,
              "max": 0.5,
              "step": 0.01,
              "abilityKey": "Fireball_Base"
            }
          }
        ]
      },
      { "attribute": "the_vault:ability_cooldown_percent",
        "group": "ModEnhancement",
        "identifier": "the_vault:storm_cooldown",
        "tags": [],
        "tiers": [
          {
            "minLevel": 90,
            "maxLevel": -1,
            "weight": 5,
            "value": {
              "min": -0.75,
              "max": -0.5,
              "step": 0.01,
              "abilityKey": "Storm_Arrow_Base"
            }
          }
        ]
      },
      { "attribute": "the_vault:ability_power_percent",
        "group": "ModAP",
        "identifier": "the_vault:mod_ability_increase",
        "tags": [
          "focusAbilityDamage",
          "antiqueAnyAbilityPower"
        ],
        "tiers": [
          {
            "minLevel": 0,
            "maxLevel": 86,
            "weight": 200,
            "value": {
              "min": 0.04,
              "max": 0.07,
              "step": 0.01
            }
          },
          {
            "minLevel": 42,
            "maxLevel": -1,
            "weight": 200,
            "value": {
              "min": 0.08,
              "max": 0.11,
              "step": 0.01
            }
          },
          {
            "minLevel": 68,
            "maxLevel": -1,
            "weight": 200,
            "value": {
              "min": 0.12,
              "max": 0.15,
              "step": 0.01
            }
          },
          {
            "minLevel": 87,
            "maxLevel": -1,
            "weight": 200,
            "value": {
              "min": 0.16,
              "max": 0.2,
              "step": 0.01
            }
          }
        ]
      },
      { "attribute": "the_vault:added_ability_level",
        "group": "ModAPLvl",
        "identifier": "the_vault:mod_added_ability_level_fireball",
        "tags": [
          "focusAbilityPower",
          "focusAbilityPowerFireball"
        ],
        "tiers": [
          {
            "minLevel": 0,
            "maxLevel": -1,
            "weight": 60,
            "value": {
              "abilityKey": "Fireball_Base",
              "levelChange": 1
            }
          },
          {
            "minLevel": 0,
            "maxLevel": -1,
            "weight": 60,
            "value": {
              "abilityKey": "Fireball_Base",
              "levelChange": 2
            }
          },
          {
            "minLevel": 0,
            "maxLevel": -1,
            "weight": 60,
            "value": {
              "abilityKey": "Fireball_Base",
              "levelChange": 3
            }
          }
        ]
      },
      { "attribute": "the_vault:area_of_effect",
        "group": "ModEffectRadius",
        "identifier": "the_vault:unique_area_of_effect",
        "tags": [
          "focusEffectRadius"
        ],
        "tiers": [
          {
            "minLevel": 0,
            "maxLevel": 62,
            "weight": 100,
            "value": {
              "min": 0.03,
              "max": 0.07,
              "step": 0.01
            }
          },
          {
            "minLevel": 40,
            "maxLevel": -1,
            "weight": 100,
            "value": {
              "min": 0.08,
              "max": 0.11,
              "step": 0.01
            }
          },
          {
            "minLevel": 63,
            "maxLevel": -1,
            "weight": 100,
            "value": {
              "min": 0.12,
              "max": 0.16,
              "step": 0.01
            }
          },
          {
            "minLevel": 89,
            "maxLevel": -1,
            "weight": 100,
            "value": {
              "min": 0.17,
              "max": 0.2,
              "step": 0.01
            }
          }
        ]
      },
      { "attribute": "the_vault:cooldown_reduction",
        "group": "ModCooldownReduction",
        "identifier": "the_vault:mod_cooldown_reduction",
        "tags": [
          "focusCooldown"
        ],
        "tiers": [
          {
            "minLevel": 0,
            "maxLevel": -1,
            "weight": 100,
            "value": {
              "min": 0.05,
              "max": 0.07,
              "step": 0.01
            }
          },
          {
            "minLevel": 22,
            "maxLevel": -1,
            "weight": 100,
            "value": {
              "min": 0.08,
              "max": 0.11,
              "step": 0.01
            }
          },
          {
            "minLevel": 43,
            "maxLevel": -1,
            "weight": 100,
            "value": {
              "min": 0.12,
              "max": 0.16,
              "step": 0.01
            }
          },
          {
            "minLevel": 70,
            "maxLevel": -1,
            "weight": 100,
            "value": {
              "min": 0.17,
              "max": 0.21,
              "step": 0.01
            }
          },
          {
            "minLevel": 85,
            "maxLevel": -1,
            "weight": 100,
            "value": {
              "min": 0.22,
              "max": 0.25,
              "step": 0.01
            }
          },
          {
            "minLevel": 90,
            "maxLevel": -1,
            "weight": 100,
            "value": {
              "min": 0.26,
              "max": 0.28,
              "step": 0.01
            }
          }
        ]
      },
      { "attribute": "the_vault:added_ability_level",
        "group": "ModAPLvl",
        "identifier": "the_vault:unique_storm_arrow_level",
        "tags": [
          "focusAbilityPower",
          "focusAbilityPowerStormArrow"
        ],
        "tiers": [
          {
            "minLevel": 25,
            "maxLevel": -1,
            "weight": 30,
            "value": {
              "abilityKey": "Storm_Arrow_Base",
              "levelChange": 2
            }
          },
          {
            "minLevel": 101,
            "maxLevel": -1,
            "weight": 30,
            "value": {
              "abilityKey": "Storm_Arrow_Base",
              "levelChange": 2
            }
          }
        ]
      },
      { "attribute": "the_vault:added_ability_level",
        "group": "ModLvlDefensive",
        "identifier": "the_vault:unique_added_ability_level_frostnova",
        "tags": [
          "focusAbilityPower",
          "focusAbilityPowerNova"
        ],
        "tiers": [
          {
            "minLevel": 25,
            "maxLevel": -1,
            "weight": 60,
            "value": {
              "abilityKey": "Nova_Slow",
              "levelChange": 2
            }
          },
          {
            "minLevel": 101,
            "maxLevel": -1,
            "weight": 60,
            "value": {
              "abilityKey": "Nova_Slow",
              "levelChange": 2
            }
          }
        ]
      },
      { "attribute": "the_vault:damage_tank",
        "group": "modDamageTank",
        "identifier": "the_vault:u_damage_tank",
        "tags": [
          "focusDamageTank"
        ],
        "tiers": [
          {
            "minLevel": 50,
            "maxLevel": 89,
            "weight": 10,
            "value": {
              "min": 0.2,
              "max": 0.39,
              "step": 0.01
            }
          },
          {
            "minLevel": 90,
            "maxLevel": -1,
            "weight": 10,
            "value": {
              "min": 0.4,
              "max": 0.5,
              "step": 0.01
            }
          }
        ]
      },
      { "attribute": "the_vault:attack_damage",
        "group": "ModOnHitType",
        "identifier": "the_vault:mod_attack_damage",
        "tags": [
          "focusAttackDamage"
        ],
        "tiers": [
          {
            "minLevel": 0,
            "maxLevel": 47,
            "weight": 10,
            "value": {
              "min": 2.0,
              "max": 6.0,
              "step": 0.5
            }
          },
          {
            "minLevel": 22,
            "maxLevel": 50,
            "weight": 10,
            "value": {
              "min": 7.0,
              "max": 12.0,
              "step": 0.5
            }
          },
          {
            "minLevel": 35,
            "maxLevel": 86,
            "weight": 10,
            "value": {
              "min": 13.0,
              "max": 18.0,
              "step": 0.5
            }
          },
          {
            "minLevel": 48,
            "maxLevel": -1,
            "weight": 10,
            "value": {
              "min": 19.0,
              "max": 27.0,
              "step": 0.5
            }
          },
          {
            "minLevel": 59,
            "maxLevel": -1,
            "weight": 10,
            "value": {
              "min": 28.0,
              "max": 35.0,
              "step": 0.5
            }
          },
          {
            "minLevel": 70,
            "maxLevel": -1,
            "weight": 10,
            "value": {
              "min": 36.0,
              "max": 42.0,
              "step": 0.5
            }
          },
          {
            "minLevel": 80,
            "maxLevel": -1,
            "weight": 10,
            "value": {
              "min": 43.0,
              "max": 48.0,
              "step": 0.5
            }
          },
          {
            "minLevel": 87,
            "maxLevel": -1,
            "weight": 10,
            "value": {
              "min": 49.0,
              "max": 55.0,
              "step": 0.5
            }
          },
          {
            "minLevel": 101,
            "maxLevel": -1,
            "weight": 10,
            "value": {
              "min": 56.0,
              "max": 65.0,
              "step": 0.5
            }
          },
          {
            "minLevel": 102,
            "maxLevel": -1,
            "weight": 10,
            "value": {
              "min": 66.0,
              "max": 72.0,
              "step": 0.5
            }
          }
        ]
      },
      { "attribute": "the_vault:on_hit_chain",
        "group": "ModOnHitType",
        "identifier": "the_vault:u_chaining",
        "tags": [
          "focusChaining"
        ],
        "tiers": [
          {
            "minLevel": 0,
            "maxLevel": -1,
            "weight": 10,
            "value": {
              "min": 1,
              "max": 3,
              "step": 1
            }
          }
        ]
      },
      { "attribute": "the_vault:on_hit_aoe",
        "group": "ModOnHitType",
        "identifier": "the_vault:u_on_hit_aoe",
        "tags": [
          "focusChaining"
        ],
        "tiers": [
          {
            "minLevel": 0,
            "maxLevel": -1,
            "weight": 10,
            "value": {
              "min": 1,
              "max": 1,
              "step": 1
            }
          }
        ]
      },
      { "attribute": "the_vault:knockback_resistance",
      "group": "ModKnockbackResistance",
      "identifier": "the_vault:u_knockback_resistance",
      "tags": [
        "focusKnockbackRes"
      ],
      "tiers": [
        {
          "minLevel": 0,
          "maxLevel": -1,
          "weight": 600,
          "value": {
            "min": 0.2,
            "max": 0.3,
            "step": 0.01
          }
        },
        {
          "minLevel": 50,
          "maxLevel": -1,
          "weight": 600,
          "value": {
            "min": 0.31,
            "max": 0.6,
            "step": 0.01
          }
        },
        {
          "minLevel": 90,
          "maxLevel": -1,
          "weight": 600,
          "value": {
            "min": 0.61,
            "max": 1.0,
            "step": 0.01
          }
        }
      ]
      },
      { "attribute": "the_vault:armor",
        "group": "ModArmor",
        "identifier": "the_vault:u_mod_armor",
        "tags": [
          "focusArmor"
        ],
        "tiers": [
          {
            "minLevel": 0,
            "maxLevel": 87,
            "weight": 600,
            "value": {
              "min": 1,
              "max": 2,
              "step": 1
            }
          },
          {
            "minLevel": 16,
            "maxLevel": -1,
            "weight": 600,
            "value": {
              "min": 3,
              "max": 4,
              "step": 1
            }
          },
          {
            "minLevel": 38,
            "maxLevel": -1,
            "weight": 600,
            "value": {
              "min": 5,
              "max": 6,
              "step": 1
            }
          },
          {
            "minLevel": 62,
            "maxLevel": -1,
            "weight": 600,
            "value": {
              "min": 7,
              "max": 8,
              "step": 1
            }
          },
          {
            "minLevel": 88,
            "maxLevel": -1,
            "weight": 600,
            "value": {
              "min": 9,
              "max": 10,
              "step": 1
            }
          }
        ]
      },
      { "attribute": "the_vault:movement_speed",
        "group": "uMovementSpeed",
        "identifier": "the_vault:u_movement",

        "tiers": [
          {
            "minLevel": 0,
            "maxLevel": -1,
            "weight": 100,
            "value": {
              "min": 0.05,
              "max": 0.1,
              "step": 0.01
            }
          },
          {
            "minLevel": 40,
            "maxLevel": -1,
            "weight": 100,
            "value": {
              "min": 0.11,
              "max": 0.2,
              "step": 0.01
            }
          },
          {
            "minLevel": 80,
            "maxLevel": -1,
            "weight": 100,
            "value": {
              "min": 0.21,
              "max": 0.3,
              "step": 0.01
            }
          }
        ]
      },
      { "attribute": "the_vault:movement_speed",
        "group": "uMovementSpeed",
        "identifier": "the_vault:u_pacifist_movement",

        "tiers": [
          {
            "minLevel": 0,
            "maxLevel": 39,
            "weight": 100,
            "value": {
              "min": 0.05,
              "max": 0.1,
              "step": 0.01
            }
          },
          {
            "minLevel": 40,
            "maxLevel": -1,
            "weight": 100,
            "value": {
              "min": 0.11,
              "max": 0.2,
              "step": 0.01
            }
          },
          {
            "minLevel": 80,
            "maxLevel": -1,
            "weight": 100,
            "value": {
              "min": 0.21,
              "max": 0.3,
              "step": 0.01
            }
          },
          {
            "minLevel": 90,
            "maxLevel": -1,
            "weight": 100,
            "value": {
              "min": 0.31,
              "max": 0.35,
              "step": 0.01
            }
          }
        ]
      },
      { "attribute": "the_vault:effect",
        "group": "uSaturation",
        "identifier": "the_vault:u_saturation",

        "tiers": [
          {
            "minLevel": 0,
            "maxLevel": -1,
            "weight": 100,
            "value": {
              "effectKey": "minecraft:saturation",
              "amplifier": 1
            }
          }
        ]
      },
      { "attribute": "the_vault:effect",
        "group": "uJump",
        "identifier": "the_vault:ujump",

        "tiers": [
          {
            "minLevel": 0,
            "maxLevel": -1,
            "weight": 100,
            "value": {
              "effectKey": "minecraft:jump_boost",
              "amplifier": 20
            }
          }
        ]
      },

      { "attribute": "the_vault:lucky_thorns",
        "group": "ModLuckyThorns",
        "identifier": "the_vault:u_lucky_thorns",
        "tags": [
          "noLegendary"
        ],
        "tiers": [
          {
            "minLevel": 0,
            "maxLevel": -1,
            "weight": 20,
            "value": {
              "flag": true
            }
          }
        ]
      },

      { "attribute": "the_vault:relentless_strike",
        "group": "ModRelentlessStrike",
        "identifier": "the_vault:u_relentless_strike",
        "tags": [
          "noLegendary"
        ],
        "tiers": [
          {
            "minLevel": 0,
            "maxLevel": -1,
            "weight": 20,
            "value": {
              "min": 0.08,
              "max": 0.16,
              "step": 0.01
            }
          }
        ]
      },
      { "attribute": "the_vault:ability_on_damage",
        "group": "ModOnDamageType",
        "identifier": "the_vault:u_frost_nova_on_damage",
        "tags": [
          "noLegendary"
        ],
        "tiers": [
          {
            "minLevel": 0,
            "maxLevel": -1,
            "weight": 20,
            "value": {
              "abilityId": "Nova_Slow",
              "chance": {
                "min": 0.05,
                "max": 0.2,
                "step": 0.01
              },
              "level": {
                "min": 2,
                "max": 7,
                "step": 1
              }
            }
          }
        ]
      },
      { "attribute": "the_vault:third_attack",
        "group": "ModThirdAttack",
        "identifier": "the_vault:u_third_attack",
        "tags": [
          "noLegendary"
        ],
        "tiers": [
          {
            "minLevel": 0,
            "maxLevel": -1,
            "weight": 20,
            "value": {
              "min": 0.4,
              "max": 1.2,
              "step": 0.01
            }
          }
        ]
      },

      { "attribute": "the_vault:wooden_affinity",
        "group": "ModSoulbound",
        "identifier": "the_vault:u_wooden_affinity",
        "tags": [
          "noLegendary"
        ],
        "tiers": [
          {
            "minLevel": 0,
            "maxLevel": -1,
            "weight": 20,
            "value": {
              "flag": true
            }
          },
          {
            "minLevel": 0,
            "maxLevel": -1,
            "weight": 20,
            "value": {
              "flag": false
            }
          }
        ]
      },
      { "attribute": "the_vault:gilded_affinity",
        "group": "ModSoulbound",
        "identifier": "the_vault:u_gilded_affinity",
        "tags": [
          "noLegendary"
        ],
        "tiers": [
          {
            "minLevel": 0,
            "maxLevel": -1,
            "weight": 20,
            "value": {
              "flag": true
            }
          },
          {
            "minLevel": 0,
            "maxLevel": -1,
            "weight": 20,
            "value": {
              "flag": false
            }
          }
        ]
      },
      { "attribute": "the_vault:ornate_affinity",
        "group": "ModSoulbound",
        "identifier": "the_vault:u_ornate_affinity",
        "tags": [
          "noLegendary"
        ],
        "tiers": [
          {
            "minLevel": 0,
            "maxLevel": -1,
            "weight": 20,
            "value": {
              "flag": true
            }
          },
          {
            "minLevel": 0,
            "maxLevel": -1,
            "weight": 20,
            "value": {
              "flag": false
            }
          }
        ]
      },
      { "attribute": "the_vault:living_affinity",
        "group": "ModSoulbound",
        "identifier": "the_vault:u_living_affinity",
        "tags": [
          "noLegendary"
        ],
        "tiers": [
          {
            "minLevel": 0,
            "maxLevel": -1,
            "weight": 20,
            "value": {
              "flag": true
            }
          },
          {
            "minLevel": 0,
            "maxLevel": -1,
            "weight": 20,
            "value": {
              "flag": false
            }
          }
        ]
      },
      { "attribute": "the_vault:coin_affinity",
        "group": "ModSoulbound",
        "identifier": "the_vault:u_coin_affinity",
        "tags": [
          "noLegendary"
        ],
        "tiers": [
          {
            "minLevel": 0,
            "maxLevel": -1,
            "weight": 20,
            "value": {
              "flag": true
            }
          },
          {
            "minLevel": 0,
            "maxLevel": -1,
            "weight": 20,
            "value": {
              "flag": false
            }
          }
        ]
      },
      { "attribute": "the_vault:picking",
        "group": "ModSoulbound",
        "identifier": "the_vault:u_picking",
        "tags": [
          "noLegendary"
        ],
        "tiers": [
          {
            "minLevel": 0,
            "maxLevel": -1,
            "weight": 20,
            "value": {
              "flag": true
            }
          }
        ]
      },
      { "attribute": "the_vault:shovelling",
        "group": "ModSoulbound",
        "identifier": "the_vault:u_shovelling",
        "tags": [
          "noLegendary"
        ],
        "tiers": [
          {
            "minLevel": 0,
            "maxLevel": -1,
            "weight": 20,
            "value": {
              "flag": true
            }
          }
        ]
      },
      { "attribute": "the_vault:shocking_hit_chance",
        "group": "ModOnHitAddition",
        "identifier": "the_vault:u_shocking_hit",
        "tags": [
          "focusShocking"
        ],
        "tiers": [
          {
            "minLevel": 29,
            "maxLevel": -1,
            "weight": 10,
            "value": {
              "min": 0.20,
              "max": 0.40,
              "step": 0.01
            }
          },
          {
            "minLevel": 64,
            "maxLevel": -1,
            "weight": 10,
            "value": {
              "min": 0.41,
              "max": 0.60,
              "step": 0.01
            }
          },
          {
            "minLevel": 45,
            "maxLevel": -1,
            "weight": 10,
            "value": {
              "min": 0.61,
              "max": 0.80,
              "step": 0.01
            }
          },
          {
            "minLevel": 65,
            "maxLevel": -1,
            "weight": 10,
            "value": {
              "min": 0.81,
              "max": 1.0,
              "step": 0.01
            }
          }
          
        ]
      },
      { "attribute": "the_vault:on_hit_stun",
      "group": "ModOnHitAddition",
      "identifier": "the_vault:u_stun_hit",
      "tags": [
        "focusStun"
      ],
      "tiers": [
        {
          "minLevel": 0,
          "maxLevel": -1,
          "weight": 10,
          "value": {
            "min": 0.04,
            "max": 0.08,
            "step": 0.01
          }
        },
        {
          "minLevel": 30,
          "maxLevel": -1,
          "weight": 10,
          "value": {
            "min": 0.09,
            "max": 0.12,
            "step": 0.01
          }
        },
        {
          "minLevel": 45,
          "maxLevel": -1,
          "weight": 10,
          "value": {
            "min": 0.13,
            "max": 0.16,
            "step": 0.01
          }
        },
        {
          "minLevel": 65,
          "maxLevel": -1,
          "weight": 10,
          "value": {
            "min": 0.17,
            "max": 0.2,
            "step": 0.01
          }
        },
        {
          "minLevel": 86,
          "maxLevel": -1,
          "weight": 10,
          "value": {
            "min": 0.21,
            "max": 0.3,
            "step": 0.01
          }
        }
      ]
      },
      { "attribute": "the_vault:axing",
        "group": "ModSoulbound",
        "identifier": "the_vault:u_axing",
        "tags": [
          "noLegendary"
        ],
        "tiers": [
          {
            "minLevel": 0,
            "maxLevel": -1,
            "weight": 20,
            "value": {
              "flag": true
            }
          }
        ]
      },
      { "attribute": "the_vault:mana_per_looted_tile",
        "group": "uLootedTile",
        "identifier": "the_vault:u_mana_looting",
        "tags": [],
        "tiers": [
          {
            "minLevel": 0,
            "maxLevel": -1,
            "weight": 1000,
            "value": {
              "tileEntityGroupId": "the_vault:chest",
              "displayName": "Chests",
              "manaGenerationChance": {
                "min": 0.2,
                "max": 0.6,
                "step": 0.01
              },
              "manaGenerated": {
                "min": 1,
                "max": 3,
                "step": 1
              }
            }
          }
        ]
      }
    ],
    "SUFFIX": [
      { "attribute": "the_vault:item_rarity",
        "group": "ModItemRarity",
        "identifier": "the_vault:u_item_rarity",
        "tags": [
          "focusItemRarity"
        ],
        "tiers": [
          {
            "minLevel": 90,
            "maxLevel": -1,
            "weight": 100,
            "value": {
              "min": 0.2,
              "max": 0.3,
              "step": 0.01
            }
          }
        ]
      },
      { "attribute": "the_vault:knockback_resistance",
        "group": "ModKnockbackResistance",
        "identifier": "the_vault:mod_knockback_resistance",
        "tags": [
          "focusKnockbackRes"
        ],
        "tiers": [
          {
            "minLevel": 0,
            "maxLevel": 56,
            "weight": 600,
            "value": {
              "min": 0.05,
              "max": 0.1,
              "step": 0.01
            }
          },
          {
            "minLevel": 15,
            "maxLevel": 88,
            "weight": 600,
            "value": {
              "min": 0.11,
              "max": 0.14,
              "step": 0.01
            }
          },
          {
            "minLevel": 32,
            "maxLevel": -1,
            "weight": 600,
            "value": {
              "min": 0.15,
              "max": 0.19,
              "step": 0.01
            }
          },
          {
            "minLevel": 57,
            "maxLevel": -1,
            "weight": 600,
            "value": {
              "min": 0.2,
              "max": 0.24,
              "step": 0.01
            }
          },
          {
            "minLevel": 89,
            "maxLevel": -1,
            "weight": 600,
            "value": {
              "min": 0.25,
              "max": 0.3,
              "step": 0.01
            }
          },
          {
            "minLevel": 101,
            "maxLevel": -1,
            "weight": 600,
            "value": {
              "min": 0.31,
              "max": 0.5,
              "step": 0.01
            }
          },
          {
            "minLevel": 102,
            "maxLevel": -1,
            "weight": 600,
            "value": {
              "min": 0.51,
              "max": 0.7,
              "step": 0.01
            }
          }
        ]
      },
      {
        "attribute": "the_vault:effect_cloud",
        "group": "ModRegenCloud",
        "identifier": "the_vault:regencloud",
        "tags": [],
        "tiers": [
          {
            "minLevel": 0,
            "maxLevel": -1,
            "weight": 10,
            "value": {
              "tooltipDisplayName": "Healing",
              "potion": "minecraft:healing",
              "additionalEffects": [
                {
                  "effect": "minecraft:instant_health",
                  "duration": 20,
                  "amplifier": 0
                }
              ],
              "duration": 40,
              "radius": 4.0,
              "color": -65536,
              "affectsOwner": true,
              "triggerChance": 0.05
            }
          }
        ]
      },
      {
        "attribute": "the_vault:effect",
        "group": "ModFireEffect",
        "identifier": "the_vault:fireeffect",
        "tags": [],
        "tiers": [
          {
            "minLevel": 15,
            "maxLevel": -1,
            "weight": 10,
            "value": {
              "effectKey": "minecraft:fire_resistance",
              "amplifier": 0
            }
          }
        ]
      },
      {
        "attribute": "the_vault:fire_immunity",
        "group": "ModFireImmunity",
        "identifier": "the_vault:fireimmunity",
        "tags": [],
        "tiers": [
          {
            "minLevel": 0,
            "maxLevel": -1,
            "weight": 10,
            "value": {
              "flag": true
            }
          }
        ]
      },
      {
        "attribute": "the_vault:soulbound",
        "group": "ModSoulbound",
        "identifier": "the_vault:soulbound",
        "tags": [],
        "tiers": [
          {
            "minLevel": 0,
            "maxLevel": -1,
            "weight": 10,
            "value": {
              "flag": true
            }
          }
        ]
      },
      { "attribute": "the_vault:mana_regen",
        "group": "ModManaRegen",
        "identifier": "the_vault:mod_mana_regen",
        "tags": [
          "focusManaRegen"
        ],
        "tiers": [
          {
            "minLevel": 0,
            "maxLevel": 54,
            "weight": 100,
            "value": {
              "min": 0.1,
              "max": 0.2,
              "step": 0.01
            }
          },
          {
            "minLevel": 23,
            "maxLevel": 66,
            "weight": 100,
            "value": {
              "min": 0.21,
              "max": 0.3,
              "step": 0.01
            }
          },
          {
            "minLevel": 34,
            "maxLevel": 80,
            "weight": 100,
            "value": {
              "min": 0.31,
              "max": 0.4,
              "step": 0.01
            }
          },
          {
            "minLevel": 46,
            "maxLevel": -1,
            "weight": 100,
            "value": {
              "min": 0.41,
              "max": 0.5,
              "step": 0.01
            }
          },
          {
            "minLevel": 55,
            "maxLevel": -1,
            "weight": 100,
            "value": {
              "min": 0.51,
              "max": 0.6,
              "step": 0.01
            }
          },
          {
            "minLevel": 67,
            "maxLevel": -1,
            "weight": 100,
            "value": {
              "min": 0.61,
              "max": 0.7,
              "step": 0.01
            }
          },
          {
            "minLevel": 81,
            "maxLevel": -1,
            "weight": 100,
            "value": {
              "min": 0.71,
              "max": 0.8,
              "step": 0.01
            }
          },
          {
            "minLevel": 92,
            "maxLevel": -1,
            "weight": 100,
            "value": {
              "min": 0.81,
              "max": 1.0,
              "step": 0.01
            }
          },
          {
            "minLevel": 101,
            "maxLevel": -1,
            "weight": 100,
            "value": {
              "min": 1.01,
              "max": 1.3,
              "step": 0.01
            }
          },
          {
            "minLevel": 102,
            "maxLevel": -1,
            "weight": 100,
            "value": {
              "min": 1.31,
              "max": 2.0,
              "step": 0.01
            }
          }
        ]
      },
      { "attribute": "the_vault:area_of_effect",
        "group": "ModEffectRadius",
        "identifier": "the_vault:mod_area_of_effect",
        "tags": [
          "focusEffectRadius"
        ],
        "tiers": [
          {
            "minLevel": 0,
            "maxLevel": 62,
            "weight": 100,
            "value": {
              "min": 0.03,
              "max": 0.07,
              "step": 0.01
            }
          },
          {
            "minLevel": 40,
            "maxLevel": -1,
            "weight": 100,
            "value": {
              "min": 0.08,
              "max": 0.11,
              "step": 0.01
            }
          },
          {
            "minLevel": 63,
            "maxLevel": -1,
            "weight": 100,
            "value": {
              "min": 0.12,
              "max": 0.16,
              "step": 0.01
            }
          },
          {
            "minLevel": 89,
            "maxLevel": -1,
            "weight": 100,
            "value": {
              "min": 0.17,
              "max": 0.2,
              "step": 0.01
            }
          },
          {
            "minLevel": 101,
            "maxLevel": -1,
            "weight": 100,
            "value": {
              "min": 0.21,
              "max": 0.26,
              "step": 0.01
            }
          },
          {
            "minLevel": 102,
            "maxLevel": -1,
            "weight": 100,
            "value": {
              "min": 0.27,
              "max": 0.32,
              "step": 0.01
            }
          }
        ]
      },
      { "attribute": "the_vault:kinetic_immunity",
        "group": "UniqueKineticImmunity",
        "identifier": "the_vault:mod_kinetic_immunity",
        "tags": [
        ],
        "tiers": [
          {
            "minLevel": 0,
            "maxLevel": -1,
            "weight": 20,
            "value": {
              "flag": true
            }
          }
        ]
      },
      { "attribute": "the_vault:lucky_hit_chance",
        "group": "ModOnHit",
        "identifier": "the_vault:unique_lucky_hit_chance",
        "tags": [
          "focusLuckyHitChance"
        ],
        "tiers": [
          {
            "minLevel": 0,
            "maxLevel": -1,
            "weight": 100,
            "value": {
              "min": 0.04,
              "max": 0.08,
              "step": 0.01
            }
          },
          {
            "minLevel": 50,
            "maxLevel": -1,
            "weight": 100,
            "value": {
              "min": 0.09,
              "max": 0.12,
              "step": 0.01
            }
          }
        ]
      },
      { "attribute": "the_vault:lucky_hit_chance",
        "group": "ModOnHit",
        "identifier": "the_vault:u_lucky_hit_chance",
        "tags": [
          "focusLuckyHitChance"
        ],
        "tiers": [
          {
            "minLevel": 0,
            "maxLevel": -1,
            "weight": 100,
            "value": {
              "min": 0.02,
              "max": 0.05,
              "step": 0.01
            }
          },
          {
            "minLevel": 50,
            "maxLevel": -1,
            "weight": 100,
            "value": {
              "min": 0.06,
              "max": 0.1,
              "step": 0.01
            }
          }
        ]
      },
      { "attribute": "the_vault:effect_list_avoidance",
        "group": "ModEffectAvoidance",
        "identifier": "the_vault:u_effect_avoidance",
        "tags": [
          "focusEffAvoidance"
        ],
        "tiers": [
          {
            "minLevel": 0,
            "maxLevel": -1,
            "weight": 120,
            "value": {
              "effectKeys": [
                "minecraft:poison",
                "minecraft:wither",
                "minecraft:levitation",
                "minecraft:slowness",
                "minecraft:blindness",
                "minecraft:hunger",
                "the_vault:bleed"
              ],
              "name": "the_vault.gear_attribute.effect_avoidance.avoidance.bad_effects",
              "minChance": 0.2,
              "maxChance": 0.4,
              "step": 0.01
            }
          },
          {
            "minLevel": 40,
            "maxLevel": -1,
            "weight": 120,
            "value": {
              "effectKeys": [
                "minecraft:poison",
                "minecraft:wither",
                "minecraft:levitation",
                "minecraft:slowness",
                "minecraft:blindness",
                "minecraft:hunger",
                "the_vault:bleed"
              ],
              "name": "the_vault.gear_attribute.effect_avoidance.avoidance.bad_effects",
              "minChance": 0.41,
              "maxChance": 0.7,
              "step": 0.01
            }
          },
          {
            "minLevel": 80,
            "maxLevel": -1,
            "weight": 120,
            "value": {
              "effectKeys": [
                "minecraft:poison",
                "minecraft:wither",
                "minecraft:levitation",
                "minecraft:slowness",
                "minecraft:blindness",
                "minecraft:hunger",
                "the_vault:bleed"
              ],
              "name": "the_vault.gear_attribute.effect_avoidance.avoidance.bad_effects",
              "minChance": 0.71,
              "maxChance": 1.0,
              "step": 0.01
            }
          }
        ]
      },
      { "attribute": "the_vault:attack_speed_percent",
        "group": "uAttackSpeed",
        "identifier": "the_vault:mod_attack_speed_percent",
        "tags": [
          "focusAttackSpeedPercent",
          "noLegendary"
        ],
        "tiers": [
          {
            "minLevel": 0,
            "maxLevel": -1,
            "weight": 10,
            "value": {
              "min": 0.05,
              "max": 0.1,
              "step": 0.01
            }
          },
          {
            "minLevel": 36,
            "maxLevel": -1,
            "weight": 10,
            "value": {
              "min": 0.11,
              "max": 0.15,
              "step": 0.01
            }
          },
          {
            "minLevel": 65,
            "maxLevel": -1,
            "weight": 10,
            "value": {
              "min": 0.16,
              "max": 0.2,
              "step": 0.01
            }
          },
          {
            "minLevel": 96,
            "maxLevel": -1,
            "weight": 10,
            "value": {
              "min": 0.21,
              "max": 0.25,
              "step": 0.01
            }
          }
        ]
      },
      { "attribute": "the_vault:attack_range",
        "group": "uAttackRange",
        "identifier": "the_vault:mod_attack_range",
        "tags": [
          "focusAttackRange"
        ],
        "tiers": [
          {
            "minLevel": 0,
            "maxLevel": -1,
            "weight": 10,
            "value": {
              "min": 0.1,
              "max": 0.2,
              "step": 0.01
            }
          },
          {
            "minLevel": 20,
            "maxLevel": -1,
            "weight": 10,
            "value": {
              "min": 0.21,
              "max": 0.3,
              "step": 0.01
            }
          },
          {
            "minLevel": 45,
            "maxLevel": -1,
            "weight": 10,
            "value": {
              "min": 0.31,
              "max": 0.4,
              "step": 0.01
            }
          },
          {
            "minLevel": 75,
            "maxLevel": -1,
            "weight": 10,
            "value": {
              "min": 0.41,
              "max": 0.5,
              "step": 0.01
            }
          }
        ]
      },
      { "attribute": "the_vault:ability_special_modification",
        "group": "ModEnhancement",
        "identifier": "the_vault:unique_entropic_poison",
        "tags": [],
        "tiers": [
          {
            "minLevel": 0,
            "maxLevel": -1,
            "weight": 5,
            "value": {
              "specialModificationKey": "the_vault:entropic_bind_poison",
              "abilityKey": "Empower_Slowness_Aura",
              "textColor": 14076214,
              "highlightColor": 6082075,
              "min": 2,
              "max": 6,
              "step": 1
            }
          }
        ]
      },
      { "attribute": "the_vault:effect_trail",
        "group": "ModEnhancement",
        "identifier": "the_vault:u_chilled_effect_trail",
        "tags": [],
        "tiers": [
          {
            "minLevel": 0,
            "maxLevel": -1,
            "weight": 10,
            "value": {
              "effectId": "the_vault:chilled",
              "durationTicks": {
                "min": 60,
                "max": 160,
                "step": 20
              }
            }
          }
        ]
      }
    ],
    "ABILITY_ENHANCEMENT": [],
    "CORRUPTED_IMPLICIT": []
  }
}