{
  "tile_processors": [
    {
      "type": "reference",
      "id": "the_vault:crystal_caves/base"
    },
    {
      "type": "weighted_target",
      "target": "minecraft:white_wool",
      "output": {
        "auxiliaryblocks:lime_gelatin": 1,
        "auxiliaryblocks:green_crystal": 1,
        "auxiliaryblocks:lime_frameless_glass": 1
      }
    },
    {
      "type": "weighted_target",
      "target": "minecraft:white_stained_glass_pane",
      "output": {
        "minecraft:lime_stained_glass_pane": 1,
        "minecraft:green_stained_glass_pane": 1
      }
    }
    
  ],
  "entity_processors": [],
  "decorators": []
}