{
  "tile_processors": [
    {
      "type": "weighted_target",
      "target": "auxiliaryblocks:light_gray_frameless_glass",
      "output": {
        "auxiliaryblocks:light_blue_frameless_glass": 1
      }
    },
    {
      "type": "weighted_target",
      "target": "auxiliaryblocks:lime_frameless_glass",
      "output": {
        "auxiliaryblocks:light_blue_frameless_glass": 1
      }
    },
    {
      "type": "weighted_target",
      "target": "auxiliaryblocks:magenta_frameless_glass",
      "output": {
        "auxiliaryblocks:light_blue_frameless_glass": 1
      }
    },
    {
      "type": "weighted_target",
      "target": "auxiliaryblocks:orange_frameless_glass",
      "output": {
        "auxiliaryblocks:light_blue_frameless_glass": 1
      }
    },
    {
      "type": "weighted_target",
      "target": "auxiliaryblocks:pink_frameless_glass",
      "output": {
        "auxiliaryblocks:light_blue_frameless_glass": 1
      }
    },
    {
      "type": "weighted_target",
      "target": "auxiliaryblocks:purple_frameless_glass",
      "output": {
        "auxiliaryblocks:light_blue_frameless_glass": 1
      }
    },
    {
      "type": "weighted_target",
      "target": "auxiliaryblocks:yellow_frameless_glass",
      "output": {
        "auxiliaryblocks:light_blue_frameless_glass": 1
      }
    },
    {
      "type": "weighted_target",
      "target": "minecraft:purple_stained_glass_pane",
      "output": {
        "minecraft:light_blue_stained_glass_pane": 1
      }
    },
    {
      "type": "weighted_target",
      "target": "minecraft:blue_stained_glass_pane",
      "output": {
        "minecraft:light_blue_stained_glass_pane": 1
      }
    },
    {
      "type": "weighted_target",
      "target": "minecraft:yellow_stained_glass_pane",
      "output": {
        "minecraft:light_blue_stained_glass_pane": 1
      }
    },
    {
      "type": "weighted_target",
      "target": "minecraft:orange_stained_glass_pane",
      "output": {
        "minecraft:light_blue_stained_glass_pane": 1
      }
    },
    {
      "type": "weighted_target",
      "target": "minecraft:lime_stained_glass_pane",
      "output": {
        "minecraft:light_blue_stained_glass_pane": 1
      }
    },
    {
      "type": "weighted_target",
      "target": "minecraft:green_stained_glass_pane",
      "output": {
        "minecraft:light_blue_stained_glass_pane": 1
      }
    },
    {
      "type": "weighted_target",
      "target": "minecraft:pink_stained_glass_pane",
      "output": {
        "minecraft:light_blue_stained_glass_pane": 1
      }
    },
    {
      "type": "weighted_target",
      "target": "minecraft:magenta_stained_glass_pane",
      "output": {
        "minecraft:light_blue_stained_glass_pane": 1
      }
    },
    {
      "type": "weighted_target",
      "target": "auxiliaryblocks:lime_gelatin",
      "output": {
        "auxiliaryblocks:cyan_gelatin": 1
      }
    },
    {
      "type": "weighted_target",
      "target": "auxiliaryblocks:purple_gelatin",
      "output": {
        "auxiliaryblocks:cyan_gelatin": 1
      }
    },
    {
      "type": "weighted_target",
      "target": "auxiliaryblocks:yellow_gelatin",
      "output": {
        "auxiliaryblocks:cyan_gelatin": 1
      }
    },
    {
      "type": "weighted_target",
      "target": "auxiliaryblocks:lab_green",
      "output": {
        "auxiliaryblocks:cyan_gelatin": 1
      }
    },
    {
      "type": "weighted_target",
      "target": "auxiliaryblocks:blue_crystal",
      "output": {
        "auxiliaryblocks:blue_crystal": 1
      }
    },
    {
      "type": "weighted_target",
      "target": "auxiliaryblocks:green_crystal",
      "output": {
        "auxiliaryblocks:blue_crystal": 1
      }
    },
    {
      "type": "weighted_target",
      "target": "auxiliaryblocks:indigo_crystal",
      "output": {
        "auxiliaryblocks:blue_crystal": 1
      }
    },
    {
      "type": "weighted_target",
      "target": "auxiliaryblocks:orange_crystal",
      "output": {
        "auxiliaryblocks:blue_crystal": 1
      }
    },
    {
      "type": "weighted_target",
      "target": "auxiliaryblocks:violet_crystal",
      "output": {
        "auxiliaryblocks:blue_crystal": 1
      }
    },
    {
      "type": "weighted_target",
      "target": "botania:dry_grass",
      "output": {
        "botania:infused_grass": 1
      }
    },
    {
      "type": "weighted_target",
      "target": "minecraft:moss_block",
      "output": {
        "architects_palette:warped_boards": 1
      }
    },
    {
      "type": "weighted_target",
      "target": "minecraft:tall_grass[half=lower]",
      "output": {
        "everycomp:tw/the_vault/chromatic_table": 1
      }
    },
    {
      "type": "weighted_target",
      "target": "minecraft:tall_grass[half=upper]",
      "output": {
        "supplementaries:book_pile[books=1]{Items:[{Slot:0b,id:\"minecraft:enchanted_book\",Count:1b,tag:{StoredEnchantments:[{lvl:1s,id:\"minecraft:protection\"}]}}]}": 1,
        "supplementaries:book_pile[books=2]{Items:[{Slot:0b,id:\"minecraft:enchanted_book\",Count:1b,tag:{StoredEnchantments:[{lvl:1s,id:\"minecraft:protection\"}]}},{Slot:1b,id:\"minecraft:enchanted_book\",Count:1b,tag:{StoredEnchantments:[{lvl:1s,id:\"minecraft:protection\"}]}}]}": 1,
        "supplementaries:book_pile[books=3]{Items:[{Slot:0b,id:\"minecraft:enchanted_book\",Count:1b,tag:{StoredEnchantments:[{lvl:1s,id:\"minecraft:protection\"}]}},{Slot:1b,id:\"minecraft:enchanted_book\",Count:1b,tag:{StoredEnchantments:[{lvl:1s,id:\"minecraft:protection\"}]}},{Slot:2b,id:\"minecraft:enchanted_book\",Count:1b,tag:{StoredEnchantments:[{lvl:1s,id:\"minecraft:protection\"}]}}]}": 1,
        "supplementaries:book_pile[books=4]{Items:[{Slot:0b,id:\"minecraft:enchanted_book\",Count:1b,tag:{StoredEnchantments:[{lvl:1s,id:\"minecraft:protection\"}]}},{Slot:1b,id:\"minecraft:enchanted_book\",Count:1b,tag:{StoredEnchantments:[{lvl:1s,id:\"minecraft:protection\"}]}},{Slot:2b,id:\"minecraft:enchanted_book\",Count:1b,tag:{StoredEnchantments:[{lvl:1s,id:\"minecraft:protection\"}]}},{Slot:3b,id:\"minecraft:enchanted_book\",Count:1b,tag:{StoredEnchantments:[{lvl:1s,id:\"minecraft:protection\"}]}}]}": 1
      }
    },
    {
      "type": "weighted_target",
      "target": "minecraft:lilac[half=lower]",
      "output": {
        "everycomp:tw/the_vault/chromatic_table": 1
      }
    },
    {
      "type": "weighted_target",
      "target": "minecraft:lilac[half=upper]",
      "output": {
        "supplementaries:book_pile[books=1]{Items:[{Slot:0b,id:\"minecraft:enchanted_book\",Count:1b,tag:{StoredEnchantments:[{lvl:1s,id:\"minecraft:protection\"}]}}]}": 1,
        "supplementaries:book_pile[books=2]{Items:[{Slot:0b,id:\"minecraft:enchanted_book\",Count:1b,tag:{StoredEnchantments:[{lvl:1s,id:\"minecraft:protection\"}]}},{Slot:1b,id:\"minecraft:enchanted_book\",Count:1b,tag:{StoredEnchantments:[{lvl:1s,id:\"minecraft:protection\"}]}}]}": 1,
        "supplementaries:book_pile[books=3]{Items:[{Slot:0b,id:\"minecraft:enchanted_book\",Count:1b,tag:{StoredEnchantments:[{lvl:1s,id:\"minecraft:protection\"}]}},{Slot:1b,id:\"minecraft:enchanted_book\",Count:1b,tag:{StoredEnchantments:[{lvl:1s,id:\"minecraft:protection\"}]}},{Slot:2b,id:\"minecraft:enchanted_book\",Count:1b,tag:{StoredEnchantments:[{lvl:1s,id:\"minecraft:protection\"}]}}]}": 1,
        "supplementaries:book_pile[books=4]{Items:[{Slot:0b,id:\"minecraft:enchanted_book\",Count:1b,tag:{StoredEnchantments:[{lvl:1s,id:\"minecraft:protection\"}]}},{Slot:1b,id:\"minecraft:enchanted_book\",Count:1b,tag:{StoredEnchantments:[{lvl:1s,id:\"minecraft:protection\"}]}},{Slot:2b,id:\"minecraft:enchanted_book\",Count:1b,tag:{StoredEnchantments:[{lvl:1s,id:\"minecraft:protection\"}]}},{Slot:3b,id:\"minecraft:enchanted_book\",Count:1b,tag:{StoredEnchantments:[{lvl:1s,id:\"minecraft:protection\"}]}}]}": 1
      }
    },
    {
      "type": "weighted_target",
      "target": "minecraft:poppy",
      "output": {
        "supplementaries:book_pile[books=1]{Items:[{Slot:0b,id:\"minecraft:enchanted_book\",Count:1b,tag:{StoredEnchantments:[{lvl:1s,id:\"minecraft:protection\"}]}}]}": 1,
        "supplementaries:book_pile[books=2]{Items:[{Slot:0b,id:\"minecraft:enchanted_book\",Count:1b,tag:{StoredEnchantments:[{lvl:1s,id:\"minecraft:protection\"}]}},{Slot:1b,id:\"minecraft:enchanted_book\",Count:1b,tag:{StoredEnchantments:[{lvl:1s,id:\"minecraft:protection\"}]}}]}": 1,
        "supplementaries:book_pile[books=3]{Items:[{Slot:0b,id:\"minecraft:enchanted_book\",Count:1b,tag:{StoredEnchantments:[{lvl:1s,id:\"minecraft:protection\"}]}},{Slot:1b,id:\"minecraft:enchanted_book\",Count:1b,tag:{StoredEnchantments:[{lvl:1s,id:\"minecraft:protection\"}]}},{Slot:2b,id:\"minecraft:enchanted_book\",Count:1b,tag:{StoredEnchantments:[{lvl:1s,id:\"minecraft:protection\"}]}}]}": 1,
        "supplementaries:book_pile[books=4]{Items:[{Slot:0b,id:\"minecraft:enchanted_book\",Count:1b,tag:{StoredEnchantments:[{lvl:1s,id:\"minecraft:protection\"}]}},{Slot:1b,id:\"minecraft:enchanted_book\",Count:1b,tag:{StoredEnchantments:[{lvl:1s,id:\"minecraft:protection\"}]}},{Slot:2b,id:\"minecraft:enchanted_book\",Count:1b,tag:{StoredEnchantments:[{lvl:1s,id:\"minecraft:protection\"}]}},{Slot:3b,id:\"minecraft:enchanted_book\",Count:1b,tag:{StoredEnchantments:[{lvl:1s,id:\"minecraft:protection\"}]}}]}": 1
      }
    },
    {
      "type": "weighted_target",
      "target": "minecraft:dead_fire_coral",
      "output": {
        "supplementaries:book_pile[books=1]{Items:[{Slot:0b,id:\"minecraft:enchanted_book\",Count:1b,tag:{StoredEnchantments:[{lvl:1s,id:\"minecraft:protection\"}]}}]}": 1,
        "supplementaries:book_pile[books=2]{Items:[{Slot:0b,id:\"minecraft:enchanted_book\",Count:1b,tag:{StoredEnchantments:[{lvl:1s,id:\"minecraft:protection\"}]}},{Slot:1b,id:\"minecraft:enchanted_book\",Count:1b,tag:{StoredEnchantments:[{lvl:1s,id:\"minecraft:protection\"}]}}]}": 1,
        "supplementaries:book_pile[books=3]{Items:[{Slot:0b,id:\"minecraft:enchanted_book\",Count:1b,tag:{StoredEnchantments:[{lvl:1s,id:\"minecraft:protection\"}]}},{Slot:1b,id:\"minecraft:enchanted_book\",Count:1b,tag:{StoredEnchantments:[{lvl:1s,id:\"minecraft:protection\"}]}},{Slot:2b,id:\"minecraft:enchanted_book\",Count:1b,tag:{StoredEnchantments:[{lvl:1s,id:\"minecraft:protection\"}]}}]}": 1,
        "supplementaries:book_pile[books=4]{Items:[{Slot:0b,id:\"minecraft:enchanted_book\",Count:1b,tag:{StoredEnchantments:[{lvl:1s,id:\"minecraft:protection\"}]}},{Slot:1b,id:\"minecraft:enchanted_book\",Count:1b,tag:{StoredEnchantments:[{lvl:1s,id:\"minecraft:protection\"}]}},{Slot:2b,id:\"minecraft:enchanted_book\",Count:1b,tag:{StoredEnchantments:[{lvl:1s,id:\"minecraft:protection\"}]}},{Slot:3b,id:\"minecraft:enchanted_book\",Count:1b,tag:{StoredEnchantments:[{lvl:1s,id:\"minecraft:protection\"}]}}]}": 1
      }
    },
    {
      "type": "weighted_target",
      "target": "minecraft:dead_bubble_coral",
      "output": {
        "supplementaries:book_pile[books=1]{Items:[{Slot:0b,id:\"minecraft:enchanted_book\",Count:1b,tag:{StoredEnchantments:[{lvl:1s,id:\"minecraft:protection\"}]}}]}": 1,
        "supplementaries:book_pile[books=2]{Items:[{Slot:0b,id:\"minecraft:enchanted_book\",Count:1b,tag:{StoredEnchantments:[{lvl:1s,id:\"minecraft:protection\"}]}},{Slot:1b,id:\"minecraft:enchanted_book\",Count:1b,tag:{StoredEnchantments:[{lvl:1s,id:\"minecraft:protection\"}]}}]}": 1,
        "supplementaries:book_pile[books=3]{Items:[{Slot:0b,id:\"minecraft:enchanted_book\",Count:1b,tag:{StoredEnchantments:[{lvl:1s,id:\"minecraft:protection\"}]}},{Slot:1b,id:\"minecraft:enchanted_book\",Count:1b,tag:{StoredEnchantments:[{lvl:1s,id:\"minecraft:protection\"}]}},{Slot:2b,id:\"minecraft:enchanted_book\",Count:1b,tag:{StoredEnchantments:[{lvl:1s,id:\"minecraft:protection\"}]}}]}": 1,
        "supplementaries:book_pile[books=4]{Items:[{Slot:0b,id:\"minecraft:enchanted_book\",Count:1b,tag:{StoredEnchantments:[{lvl:1s,id:\"minecraft:protection\"}]}},{Slot:1b,id:\"minecraft:enchanted_book\",Count:1b,tag:{StoredEnchantments:[{lvl:1s,id:\"minecraft:protection\"}]}},{Slot:2b,id:\"minecraft:enchanted_book\",Count:1b,tag:{StoredEnchantments:[{lvl:1s,id:\"minecraft:protection\"}]}},{Slot:3b,id:\"minecraft:enchanted_book\",Count:1b,tag:{StoredEnchantments:[{lvl:1s,id:\"minecraft:protection\"}]}}]}": 1
      }
    },
    {
      "type": "weighted_target",
      "target": "minecraft:dead_brain_coral",
      "output": {
        "supplementaries:book_pile[books=1]{Items:[{Slot:0b,id:\"minecraft:enchanted_book\",Count:1b,tag:{StoredEnchantments:[{lvl:1s,id:\"minecraft:protection\"}]}}]}": 1,
        "supplementaries:book_pile[books=2]{Items:[{Slot:0b,id:\"minecraft:enchanted_book\",Count:1b,tag:{StoredEnchantments:[{lvl:1s,id:\"minecraft:protection\"}]}},{Slot:1b,id:\"minecraft:enchanted_book\",Count:1b,tag:{StoredEnchantments:[{lvl:1s,id:\"minecraft:protection\"}]}}]}": 1,
        "supplementaries:book_pile[books=3]{Items:[{Slot:0b,id:\"minecraft:enchanted_book\",Count:1b,tag:{StoredEnchantments:[{lvl:1s,id:\"minecraft:protection\"}]}},{Slot:1b,id:\"minecraft:enchanted_book\",Count:1b,tag:{StoredEnchantments:[{lvl:1s,id:\"minecraft:protection\"}]}},{Slot:2b,id:\"minecraft:enchanted_book\",Count:1b,tag:{StoredEnchantments:[{lvl:1s,id:\"minecraft:protection\"}]}}]}": 1,
        "supplementaries:book_pile[books=4]{Items:[{Slot:0b,id:\"minecraft:enchanted_book\",Count:1b,tag:{StoredEnchantments:[{lvl:1s,id:\"minecraft:protection\"}]}},{Slot:1b,id:\"minecraft:enchanted_book\",Count:1b,tag:{StoredEnchantments:[{lvl:1s,id:\"minecraft:protection\"}]}},{Slot:2b,id:\"minecraft:enchanted_book\",Count:1b,tag:{StoredEnchantments:[{lvl:1s,id:\"minecraft:protection\"}]}},{Slot:3b,id:\"minecraft:enchanted_book\",Count:1b,tag:{StoredEnchantments:[{lvl:1s,id:\"minecraft:protection\"}]}}]}": 1
      }
    },
    {
      "type": "weighted_target",
      "target": "minecraft:dead_brain_coral_fan",
      "output": {
        "supplementaries:book_pile[books=1]{Items:[{Slot:0b,id:\"minecraft:enchanted_book\",Count:1b,tag:{StoredEnchantments:[{lvl:1s,id:\"minecraft:protection\"}]}}]}": 1,
        "supplementaries:book_pile[books=2]{Items:[{Slot:0b,id:\"minecraft:enchanted_book\",Count:1b,tag:{StoredEnchantments:[{lvl:1s,id:\"minecraft:protection\"}]}},{Slot:1b,id:\"minecraft:enchanted_book\",Count:1b,tag:{StoredEnchantments:[{lvl:1s,id:\"minecraft:protection\"}]}}]}": 1,
        "supplementaries:book_pile[books=3]{Items:[{Slot:0b,id:\"minecraft:enchanted_book\",Count:1b,tag:{StoredEnchantments:[{lvl:1s,id:\"minecraft:protection\"}]}},{Slot:1b,id:\"minecraft:enchanted_book\",Count:1b,tag:{StoredEnchantments:[{lvl:1s,id:\"minecraft:protection\"}]}},{Slot:2b,id:\"minecraft:enchanted_book\",Count:1b,tag:{StoredEnchantments:[{lvl:1s,id:\"minecraft:protection\"}]}}]}": 1,
        "supplementaries:book_pile[books=4]{Items:[{Slot:0b,id:\"minecraft:enchanted_book\",Count:1b,tag:{StoredEnchantments:[{lvl:1s,id:\"minecraft:protection\"}]}},{Slot:1b,id:\"minecraft:enchanted_book\",Count:1b,tag:{StoredEnchantments:[{lvl:1s,id:\"minecraft:protection\"}]}},{Slot:2b,id:\"minecraft:enchanted_book\",Count:1b,tag:{StoredEnchantments:[{lvl:1s,id:\"minecraft:protection\"}]}},{Slot:3b,id:\"minecraft:enchanted_book\",Count:1b,tag:{StoredEnchantments:[{lvl:1s,id:\"minecraft:protection\"}]}}]}": 1
      }
    },
    {
      "type": "weighted_target",
      "target": "minecraft:dead_bubble_coral_fan",
      "output": {
        "supplementaries:book_pile[books=1]{Items:[{Slot:0b,id:\"minecraft:enchanted_book\",Count:1b,tag:{StoredEnchantments:[{lvl:1s,id:\"minecraft:protection\"}]}}]}": 1,
        "supplementaries:book_pile[books=2]{Items:[{Slot:0b,id:\"minecraft:enchanted_book\",Count:1b,tag:{StoredEnchantments:[{lvl:1s,id:\"minecraft:protection\"}]}},{Slot:1b,id:\"minecraft:enchanted_book\",Count:1b,tag:{StoredEnchantments:[{lvl:1s,id:\"minecraft:protection\"}]}}]}": 1,
        "supplementaries:book_pile[books=3]{Items:[{Slot:0b,id:\"minecraft:enchanted_book\",Count:1b,tag:{StoredEnchantments:[{lvl:1s,id:\"minecraft:protection\"}]}},{Slot:1b,id:\"minecraft:enchanted_book\",Count:1b,tag:{StoredEnchantments:[{lvl:1s,id:\"minecraft:protection\"}]}},{Slot:2b,id:\"minecraft:enchanted_book\",Count:1b,tag:{StoredEnchantments:[{lvl:1s,id:\"minecraft:protection\"}]}}]}": 1,
        "supplementaries:book_pile[books=4]{Items:[{Slot:0b,id:\"minecraft:enchanted_book\",Count:1b,tag:{StoredEnchantments:[{lvl:1s,id:\"minecraft:protection\"}]}},{Slot:1b,id:\"minecraft:enchanted_book\",Count:1b,tag:{StoredEnchantments:[{lvl:1s,id:\"minecraft:protection\"}]}},{Slot:2b,id:\"minecraft:enchanted_book\",Count:1b,tag:{StoredEnchantments:[{lvl:1s,id:\"minecraft:protection\"}]}},{Slot:3b,id:\"minecraft:enchanted_book\",Count:1b,tag:{StoredEnchantments:[{lvl:1s,id:\"minecraft:protection\"}]}}]}": 1
      }
    },
    {
      "type": "weighted_target",
      "target": "botania:magenta_double_flower[half=lower]",
      "output": {
        "botania:cyan_double_flower[half=lower]": 1
      }
    },
    {
      "type": "weighted_target",
      "target": "botania:magenta_double_flower[half=upper]",
      "output": {
        "botania:cyan_double_flower[half=upper]": 1
      }
    },
    {
      "type": "weighted_target",
      "target": "botania:light_gray_double_flower[half=lower]",
      "output": {
        "botania:blue_double_flower[half=lower]": 1
      }
    },
    {
      "type": "weighted_target",
      "target": "botania:light_gray_double_flower[half=upper]",
      "output": {
        "botania:blue_double_flower[half=upper]": 1
      }
    },
    {
        "type": "reference",
        "id": "the_vault:gate_lock/base"
    }
  ],
  "entity_processors": [],
  "decorators": []
}