{
    "entries": [
        {
            "roll": {
                "type": "uniform",
                "min": 1,
                "max": 1
            },
            "pool": [
                {
                    "weight": 1,
                    "pool": [
                        {
                            "weight": 5,
                            "item": {
                              "id": "the_vault:chestplate",
                              "nbt": {
                                "the_vault:gear_unique_pool": "the_vault:frozen_throne",
                                "the_vault:gear_roll_type": "Unique"
                              },
                              "count": {
                                "type": "uniform",
                                "min": 1,
                                "max": 1
                                }
                            }
                        },
                        {
                            "weight": 20,
                            "item": {
                              "id": "the_vault:sword",
                              "nbt": {
                                "the_vault:gear_unique_pool": "the_vault:honey_stick",
                                "the_vault:gear_roll_type": "Unique"
                              },
                              "count": {
                                "type": "uniform",
                                "min": 1,
                                "max": 1
                                }
                            }
                        },
                        {
                            "weight": 5,
                            "item": {
                              "id": "the_vault:shield",
                              "nbt": {
                                "the_vault:gear_unique_pool": "the_vault:gladiator_buckler",
                                "the_vault:gear_roll_type": "Unique"
                              },
                              "count": {
                                "type": "uniform",
                                "min": 1,
                                "max": 1
                                }
                            }
                        }
                    ]
                }
            ]
        },
        {
            "roll": {
                "type": "uniform",
                "min": 1,
                "max": 1
            },
            "pool": [
                {
                    "weight": 1,
                    "pool": [
                        {
                            "weight": 1,
                            "item": {
                              "id": "the_vault:unique_crate_scroll",
                              "count": {
                                "type": "uniform",
                                "min": 1,
                                "max": 1
                                }
                            }
                        }
                    ]
                },
                {
                    "weight": 1,
                    "pool": [
                        {
                            "weight": 10,
                            "item": {
                              "id": "minecraft:air",
                              "count": {
                                "type": "uniform",
                                "min": 1,
                                "max": 1
                                }
                            }
                        }
                    ]
                }
            ]
        }
    ]
}