{
  "operationConfiguration": {
    "the_vault:reforge_all": {
      "potentialUseMin": 2,
      "potentialUseMax": 4,
      "baseCostMultiplier": 1.0,
      "negativePotentialCostMultiplier": 1.0
    },
    "the_vault:add_modifier": {
      "potentialUseMin": 4,
      "potentialUseMax": 7,
      "baseCostMultiplier": 1.3,
      "negativePotentialCostMultiplier": 1.2
    },
    "the_vault:remove_modifier": {
      "potentialUseMin": 4,
      "potentialUseMax": 7,
      "baseCostMultiplier": 1.3,
      "negativePotentialCostMultiplier": 1.2
    },
    "the_vault:reset_potential": {
      "potentialUseMin": 0,
      "potentialUseMax": 0,
      "baseCostMultiplier": 2.0,
      "negativePotentialCostMultiplier": 4.0
    },
    "the_vault:reforge_base_durability": {
      "potentialUseMin": 10,
      "potentialUseMax": 20,
      "baseCostMultiplier": 1.3,
      "negativePotentialCostMultiplier": 1.6
    },
    "the_vault:reforge_implicits": {
      "potentialUseMin": 7,
      "potentialUseMax": 16,
      "baseCostMultiplier": 1.0,
      "negativePotentialCostMultiplier": 1.0
    },
    "the_vault:reforge_all_add_tag": {
      "potentialUseMin": 32,
      "potentialUseMax": 64,
      "baseCostMultiplier": 8.0,
      "negativePotentialCostMultiplier": 1.2
    },
    "the_vault:reforge_tier": {
      "potentialUseMin": 2,
      "potentialUseMax": 3,
      "baseCostMultiplier": 1.3,
      "negativePotentialCostMultiplier": 1.1
    },
    "the_vault:reforge_affix_prefix": {
      "potentialUseMin": 12,
      "potentialUseMax": 18,
      "baseCostMultiplier": 1.0,
      "negativePotentialCostMultiplier": 1.0
    },
    "the_vault:reforge_affix_suffix": {
      "potentialUseMin": 12,
      "potentialUseMax": 18,
      "baseCostMultiplier": 1.0,
      "negativePotentialCostMultiplier": 1.0
    },
    "the_vault:improve_tier": {
      "potentialUseMin": 16,
      "potentialUseMax": 24,
      "baseCostMultiplier": 8.0,
      "negativePotentialCostMultiplier": 2.0
    },
    "the_vault:lock_modifier": {
      "potentialUseMin": 16,
      "potentialUseMax": 40,
      "baseCostMultiplier": 24.0,
      "negativePotentialCostMultiplier": 1.0
    },
    "the_vault:improve_rarity": {
      "potentialUseMin": 40,
      "potentialUseMax": 80,
      "baseCostMultiplier": 100.0,
      "negativePotentialCostMultiplier": 12.0
    },
    "the_vault:corrupt_gear": {
      "potentialUseMin": 0,
      "potentialUseMax": 0,
      "baseCostMultiplier": 5.0,
      "negativePotentialCostMultiplier": 1.0
    },
    "the_vault:improve_gear_level": {
      "potentialUseMin": 30,
      "potentialUseMax": 60,
      "baseCostMultiplier": 55.0,
      "negativePotentialCostMultiplier": 12.0
    }
  }
}
