{
  "tile_processors": [
    {
        "type": "leveled",
        "levels": [
            {
                "level": 0,
                "type": "weighted_target",
                "target": "the_vault:placeholder",
                "output": {
                    "the_vault:placeholder{ Hidden: 1b }": 1
                }
            }
        ]
    },
    {
      "type": "placeholder",
      "target": "WOODEN_CHEST",
      "levels": [
        {
          "level": 0,
          "probability": 0.3,
          "success": {
            "the_vault:ornate_barrel{LootTable:\"the_vault:ornate_dungeon_barrel\"}": 1
          },
          "failure": {
            "minecraft:air": 1
          }
        }
      ]
    },
    {
      "type": "placeholder",
      "target": "COIN_STACKS",
      "levels": [
        {
          "level": 0,
          "probability": 1.0,
          "success": {
            "minecraft:air": 1
          },
          "failure": {
            "minecraft:air": 1
          }
        }
      ]
    }
  ]
}