{
  "costRemoveCraftedModifiers": [
    {
      "AMOUNT": 5,
      "ITEM": "the_vault:nullifying_focus",
      "NBT": "{}"
    }
  ],
  "craftableModifiers": {
    "PREFIX": [
      { "workbenchCraftIdentifier": "the_vault:crafted_armor_t0",
        "modifierIdentifier": "the_vault:crafted_armor",
        "modifierTier": 0,
        "unlockCategory": "LEVEL",
        "craftingCost": [
          {
            "AMOUNT": 2,
            "ITEM": "the_vault:amplifying_focus",
            "NBT": "{}"
          },
          {
            "AMOUNT": 2,
            "ITEM": "the_vault:vault_gold",
            "NBT": "{}"
          }
        ]
      },
      { "workbenchCraftIdentifier": "the_vault:crafted_armor_t1",
        "modifierIdentifier": "the_vault:crafted_armor",
        "modifierTier": 1,
        "unlockCategory": "LEVEL",
        "craftingCost": [
          {
            "AMOUNT": 4,
            "ITEM": "the_vault:amplifying_focus",
            "NBT": "{}"
          },
          {
            "AMOUNT": 4,
            "ITEM": "the_vault:vault_gold",
            "NBT": "{}"
          }
        ]
      },
      { "workbenchCraftIdentifier": "the_vault:crafted_armor_t2",
        "modifierIdentifier": "the_vault:crafted_armor",
        "modifierTier": 2,
        "unlockCategory": "VAULT_DISCOVERY",
        "craftingCost": [
          {
            "AMOUNT": 8,
            "ITEM": "the_vault:amplifying_focus",
            "NBT": "{}"
          },
          {
            "AMOUNT": 8,
            "ITEM": "the_vault:vault_gold",
            "NBT": "{}"
          }
        ]
      },
      { "workbenchCraftIdentifier": "the_vault:crafted_armor_t3",
        "modifierIdentifier": "the_vault:crafted_armor",
        "modifierTier": 3,
        "unlockCategory": "VAULT_DISCOVERY",
        "craftingCost": [
          {
            "AMOUNT": 16,
            "ITEM": "the_vault:amplifying_focus",
            "NBT": "{}"
          },
          {
            "AMOUNT": 16,
            "ITEM": "the_vault:vault_gold",
            "NBT": "{}"
          }
        ]
      },
      { "workbenchCraftIdentifier": "the_vault:crafted_armor_t4",

        "modifierIdentifier": "the_vault:crafted_armor",
        "modifierTier": 4,
        "unlockCategory": "VAULT_DISCOVERY",
        "craftingCost": [
          {
            "AMOUNT": 32,
            "ITEM": "the_vault:amplifying_focus",
            "NBT": "{}"
          },
          {
            "AMOUNT": 32,
            "ITEM": "the_vault:vault_gold",
            "NBT": "{}"
          }
        ]
      },
      { "workbenchCraftIdentifier": "the_vault:crafted_health_t0",
        "modifierIdentifier": "the_vault:crafted_health",
        "modifierTier": 0,
        "unlockCategory": "LEVEL",
        "craftingCost": [
          {
            "AMOUNT": 2,
            "ITEM": "the_vault:amplifying_focus",
            "NBT": "{}"
          },
          {
            "AMOUNT": 2,
            "ITEM": "the_vault:vault_gold",
            "NBT": "{}"
          }
        ]
      },
      { "workbenchCraftIdentifier": "the_vault:crafted_health_t1",
        "modifierIdentifier": "the_vault:crafted_health",
        "modifierTier": 1,
        "unlockCategory": "LEVEL",
        "craftingCost": [
          {
            "AMOUNT": 4,
            "ITEM": "the_vault:amplifying_focus",
            "NBT": "{}"
          },
          {
            "AMOUNT": 4,
            "ITEM": "the_vault:vault_gold",
            "NBT": "{}"
          }
        ]
      },
      { "workbenchCraftIdentifier": "the_vault:crafted_health_t2",
        "modifierIdentifier": "the_vault:crafted_health",
        "modifierTier": 2,
        "unlockCategory": "VAULT_DISCOVERY",
        "craftingCost": [
          {
            "AMOUNT": 8,
            "ITEM": "the_vault:amplifying_focus",
            "NBT": "{}"
          },
          {
            "AMOUNT": 8,
            "ITEM": "the_vault:vault_gold",
            "NBT": "{}"
          }
        ]
      },
      { "workbenchCraftIdentifier": "the_vault:crafted_health_t3",
        "modifierIdentifier": "the_vault:crafted_health",
        "modifierTier": 3,
        "unlockCategory": "VAULT_DISCOVERY",
        "craftingCost": [
          {
            "AMOUNT": 16,
            "ITEM": "the_vault:amplifying_focus",
            "NBT": "{}"
          },
          {
            "AMOUNT": 16,
            "ITEM": "the_vault:vault_gold",
            "NBT": "{}"
          }
        ]
      },
      
      { "workbenchCraftIdentifier": "the_vault:crafted_mana_per_t0",
        "modifierIdentifier": "the_vault:crafted_mana_additive_percentile",
        "modifierTier": 0,
        "unlockCategory": "LEVEL",
        "craftingCost": [
          {
            "AMOUNT": 4,
            "ITEM": "the_vault:amplifying_focus",
            "NBT": "{}"
          },
          {
            "AMOUNT": 4,
            "ITEM": "the_vault:vault_gold",
            "NBT": "{}"
          }
        ]
      },
      { "workbenchCraftIdentifier": "the_vault:crafted_mana_per_t1",
        "modifierIdentifier": "the_vault:crafted_mana_additive_percentile",
        "modifierTier": 1,
        "unlockCategory": "LEVEL",
        "craftingCost": [
          {
            "AMOUNT": 8,
            "ITEM": "the_vault:amplifying_focus",
            "NBT": "{}"
          },
          {
            "AMOUNT": 8,
            "ITEM": "the_vault:vault_gold",
            "NBT": "{}"
          }
        ]
      },
      { "workbenchCraftIdentifier": "the_vault:crafted_mana_per_t2",
        "modifierIdentifier": "the_vault:crafted_mana_additive_percentile",
        "modifierTier": 2,
        "unlockCategory": "VAULT_DISCOVERY",
        "craftingCost": [
          {
            "AMOUNT": 16,
            "ITEM": "the_vault:amplifying_focus",
            "NBT": "{}"
          },
          {
            "AMOUNT": 16,
            "ITEM": "the_vault:vault_gold",
            "NBT": "{}"
          }
        ]
      },
      { "workbenchCraftIdentifier": "the_vault:crafted_mana_per_t3",
        "modifierIdentifier": "the_vault:crafted_mana_additive_percentile",
        "modifierTier": 3,
        "unlockCategory": "VAULT_DISCOVERY",
        "craftingCost": [
          {
            "AMOUNT": 32,
            "ITEM": "the_vault:amplifying_focus",
            "NBT": "{}"
          },
          {
            "AMOUNT": 32,
            "ITEM": "the_vault:vault_gold",
            "NBT": "{}"
          }
        ]
      },
      { "workbenchCraftIdentifier": "the_vault:crafted_resistance_t0",
        "modifierIdentifier": "the_vault:crafted_resistance",
        "modifierTier": 0,
        "unlockCategory": "LEVEL",
        "craftingCost": [
          {
            "AMOUNT": 4,
            "ITEM": "the_vault:amplifying_focus",
            "NBT": "{}"
          },
          {
            "AMOUNT": 4,
            "ITEM": "the_vault:vault_gold",
            "NBT": "{}"
          }
        ]
      },
      { "workbenchCraftIdentifier": "the_vault:crafted_resistance_t1",
        "modifierIdentifier": "the_vault:crafted_resistance",
        "modifierTier": 1,
        "unlockCategory": "LEVEL",
        "craftingCost": [
          {
            "AMOUNT": 8,
            "ITEM": "the_vault:amplifying_focus",
            "NBT": "{}"
          },
          {
            "AMOUNT": 8,
            "ITEM": "the_vault:vault_gold",
            "NBT": "{}"
          }
        ]
      },
      { "workbenchCraftIdentifier": "the_vault:crafted_resistance_t2",
        "modifierIdentifier": "the_vault:crafted_resistance",
        "modifierTier": 2,
        "unlockCategory": "VAULT_DISCOVERY",
        "craftingCost": [
          {
            "AMOUNT": 16,
            "ITEM": "the_vault:amplifying_focus",
            "NBT": "{}"
          },
          {
            "AMOUNT": 16,
            "ITEM": "the_vault:vault_gold",
            "NBT": "{}"
          }
        ]
      },
      { "workbenchCraftIdentifier": "the_vault:crafted_resistance_t3",
        "modifierIdentifier": "the_vault:crafted_resistance",
        "modifierTier": 3,
        "unlockCategory": "VAULT_DISCOVERY",
        "craftingCost": [
          {
            "AMOUNT": 32,
            "ITEM": "the_vault:amplifying_focus",
            "NBT": "{}"
          },
          {
            "AMOUNT": 32,
            "ITEM": "the_vault:vault_gold",
            "NBT": "{}"
          }
        ]
      },
      { "workbenchCraftIdentifier": "the_vault:crafted_knockback_resistance_t0",
        "modifierIdentifier": "the_vault:crafted_knockback_resistance",
        "modifierTier": 0,
        "unlockCategory": "LEVEL",
        "craftingCost": [
          {
            "AMOUNT": 2,
            "ITEM": "the_vault:amplifying_focus",
            "NBT": "{}"
          },
          {
            "AMOUNT": 2,
            "ITEM": "the_vault:vault_gold",
            "NBT": "{}"
          }
        ]
      },
      { "workbenchCraftIdentifier": "the_vault:crafted_knockback_resistance_t1",
        "modifierIdentifier": "the_vault:crafted_knockback_resistance",
        "modifierTier": 1,
        "unlockCategory": "LEVEL",
        "craftingCost": [
          {
            "AMOUNT": 8,
            "ITEM": "the_vault:amplifying_focus",
            "NBT": "{}"
          },
          {
            "AMOUNT": 8,
            "ITEM": "the_vault:vault_gold",
            "NBT": "{}"
          }
        ]
      },
      { "workbenchCraftIdentifier": "the_vault:crafted_knockback_resistance_t2",
        "modifierIdentifier": "the_vault:crafted_knockback_resistance",
        "modifierTier": 2,
        "unlockCategory": "LEVEL",
        "craftingCost": [
          {
            "AMOUNT": 16,
            "ITEM": "the_vault:amplifying_focus",
            "NBT": "{}"
          },
          {
            "AMOUNT": 16,
            "ITEM": "the_vault:vault_gold",
            "NBT": "{}"
          }
        ]
      },
      { "workbenchCraftIdentifier": "the_vault:crafted_knockback_resistance_t3",
        "modifierIdentifier": "the_vault:crafted_knockback_resistance",
        "modifierTier": 3,
        "unlockCategory": "VAULT_DISCOVERY",
        "craftingCost": [
          {
            "AMOUNT": 24,
            "ITEM": "the_vault:amplifying_focus",
            "NBT": "{}"
          },
          {
            "AMOUNT": 24,
            "ITEM": "the_vault:vault_gold",
            "NBT": "{}"
          }
        ]
      },
      { "workbenchCraftIdentifier": "the_vault:crafted_knockback_resistance_t4",
        "modifierIdentifier": "the_vault:crafted_knockback_resistance",
        "modifierTier": 4,
        "unlockCategory": "VAULT_DISCOVERY",
        "craftingCost": [
          {
            "AMOUNT": 32,
            "ITEM": "the_vault:amplifying_focus",
            "NBT": "{}"
          },
          {
            "AMOUNT": 32,
            "ITEM": "the_vault:vault_gold",
            "NBT": "{}"
          }
        ]
      },
      { "workbenchCraftIdentifier": "the_vault:crafted_damage_increase_t0",
        "modifierIdentifier": "the_vault:crafted_damage_increase",
        "modifierTier": 0,
        "unlockCategory": "LEVEL",
        "craftingCost": [
          {
            "AMOUNT": 4,
            "ITEM": "the_vault:amplifying_focus",
            "NBT": "{}"
          },
          {
            "AMOUNT": 4,
            "ITEM": "the_vault:vault_gold",
            "NBT": "{}"
          }
        ]
      },
      { "workbenchCraftIdentifier": "the_vault:crafted_damage_increase_t1",
        "modifierIdentifier": "the_vault:crafted_damage_increase",
        "modifierTier": 1,
        "unlockCategory": "LEVEL",
        "craftingCost": [
          {
            "AMOUNT": 8,
            "ITEM": "the_vault:amplifying_focus",
            "NBT": "{}"
          },
          {
            "AMOUNT": 8,
            "ITEM": "the_vault:vault_gold",
            "NBT": "{}"
          }
        ]
      },
      { "workbenchCraftIdentifier": "the_vault:crafted_damage_increase_t2",
        "modifierIdentifier": "the_vault:crafted_damage_increase",
        "modifierTier": 2,
        "unlockCategory": "VAULT_DISCOVERY",
        "craftingCost": [
          {
            "AMOUNT": 16,
            "ITEM": "the_vault:amplifying_focus",
            "NBT": "{}"
          },
          {
            "AMOUNT": 16,
            "ITEM": "the_vault:vault_gold",
            "NBT": "{}"
          }
        ]
      },
      { "workbenchCraftIdentifier": "the_vault:crafted_damage_increase_t3",
        "modifierIdentifier": "the_vault:crafted_damage_increase",
        "modifierTier": 3,
        "unlockCategory": "VAULT_DISCOVERY",
        "craftingCost": [
          {
            "AMOUNT": 24,
            "ITEM": "the_vault:amplifying_focus",
            "NBT": "{}"
          },
          {
            "AMOUNT": 24,
            "ITEM": "the_vault:vault_gold",
            "NBT": "{}"
          }
        ]
      },
      { "workbenchCraftIdentifier": "the_vault:crafted_damage_increase_t4",
        "modifierIdentifier": "the_vault:crafted_damage_increase",
        "modifierTier": 4,
        "unlockCategory": "VAULT_DISCOVERY",
        "craftingCost": [
          {
            "AMOUNT": 32,
            "ITEM": "the_vault:amplifying_focus",
            "NBT": "{}"
          },
          {
            "AMOUNT": 32,
            "ITEM": "the_vault:vault_gold",
            "NBT": "{}"
          }
        ]
      },
      { "workbenchCraftIdentifier": "the_vault:crafted_ap_increase_t0",
        "modifierIdentifier": "the_vault:crafted_ap_increase",
        "modifierTier": 0,
        "unlockCategory": "LEVEL",
        "craftingCost": [
          {
            "AMOUNT": 4,
            "ITEM": "the_vault:amplifying_focus",
            "NBT": "{}"
          },
          {
            "AMOUNT": 4,
            "ITEM": "the_vault:vault_gold",
            "NBT": "{}"
          }
        ]
      },
      { "workbenchCraftIdentifier": "the_vault:crafted_ap_increase_t1",
        "modifierIdentifier": "the_vault:crafted_ap_increase",
        "modifierTier": 1,
        "unlockCategory": "LEVEL",
        "craftingCost": [
          {
            "AMOUNT": 8,
            "ITEM": "the_vault:amplifying_focus",
            "NBT": "{}"
          },
          {
            "AMOUNT": 8,
            "ITEM": "the_vault:vault_gold",
            "NBT": "{}"
          }
        ]
      },
      { "workbenchCraftIdentifier": "the_vault:crafted_ap_increase_t2",
        "modifierIdentifier": "the_vault:crafted_ap_increase",
        "modifierTier": 2,
        "unlockCategory": "VAULT_DISCOVERY",
        "craftingCost": [
          {
            "AMOUNT": 16,
            "ITEM": "the_vault:amplifying_focus",
            "NBT": "{}"
          },
          {
            "AMOUNT": 16,
            "ITEM": "the_vault:vault_gold",
            "NBT": "{}"
          }
        ]
      },
      { "workbenchCraftIdentifier": "the_vault:crafted_ap_increase_t3",
        "modifierIdentifier": "the_vault:crafted_ap_increase",
        "modifierTier": 3,
        "unlockCategory": "VAULT_DISCOVERY",
        "craftingCost": [
          {
            "AMOUNT": 32,
            "ITEM": "the_vault:amplifying_focus",
            "NBT": "{}"
          },
          {
            "AMOUNT": 32,
            "ITEM": "the_vault:vault_gold",
            "NBT": "{}"
          }
        ]
      },
      
      { "workbenchCraftIdentifier": "the_vault:crafted_avoidance_t0",
      "modifierIdentifier": "the_vault:crafted_effect_avoidance",
      "modifierTier": 0,
      "unlockCategory": "LEVEL",
      "craftingCost": [
        {
          "AMOUNT": 8,
          "ITEM": "the_vault:amplifying_focus",
          "NBT": "{}"
        },
        {
          "AMOUNT": 8,
          "ITEM": "the_vault:vault_gold",
          "NBT": "{}"
        }
      ]
      },
      { "workbenchCraftIdentifier": "the_vault:crafted_avoidance_t1",
        "modifierIdentifier": "the_vault:crafted_effect_avoidance",
        "modifierTier": 1,
        "unlockCategory": "VAULT_DISCOVERY",
        "craftingCost": [
          {
            "AMOUNT": 16,
            "ITEM": "the_vault:amplifying_focus",
            "NBT": "{}"
          },
          {
            "AMOUNT": 16,
            "ITEM": "the_vault:vault_gold",
            "NBT": "{}"
          }
        ]
      },
      { "workbenchCraftIdentifier": "the_vault:crafted_avoidance_t2",
        "modifierIdentifier": "the_vault:crafted_effect_avoidance",
        "modifierTier": 2,
        "unlockCategory": "VAULT_DISCOVERY",
        "craftingCost": [
          {
            "AMOUNT": 24,
            "ITEM": "the_vault:amplifying_focus",
            "NBT": "{}"
          },
          {
            "AMOUNT": 24,
            "ITEM": "the_vault:vault_gold",
            "NBT": "{}"
          }
        ]
      },
      { "workbenchCraftIdentifier": "the_vault:crafted_avoidance_t3",
        "modifierIdentifier": "the_vault:crafted_effect_avoidance",
        "modifierTier": 3,
        "unlockCategory": "VAULT_DISCOVERY",
        "craftingCost": [
          {
            "AMOUNT": 32,
            "ITEM": "the_vault:amplifying_focus",
            "NBT": "{}"
          },
          {
            "AMOUNT": 32,
            "ITEM": "the_vault:vault_gold",
            "NBT": "{}"
          }
        ]
      }
    ],
    "SUFFIX": [
      { "workbenchCraftIdentifier": "the_vault:crafted_durability_t0",
        "modifierIdentifier": "the_vault:crafted_durability",
        "modifierTier": 0,
        "unlockCategory": "LEVEL",
        "craftingCost": [
          {
            "AMOUNT": 2,
            "ITEM": "the_vault:amplifying_focus",
            "NBT": "{}"
          },
          {
            "AMOUNT": 2,
            "ITEM": "the_vault:vault_gold",
            "NBT": "{}"
          }
        ]
      },
      { "workbenchCraftIdentifier": "the_vault:crafted_durability_t1",
        "modifierIdentifier": "the_vault:crafted_durability",
        "modifierTier": 1,
        "unlockCategory": "LEVEL",
        "craftingCost": [
          {
            "AMOUNT": 4,
            "ITEM": "the_vault:amplifying_focus",
            "NBT": "{}"
          },
          {
            "AMOUNT": 4,
            "ITEM": "the_vault:vault_gold",
            "NBT": "{}"
          }
        ]
      },
      { "workbenchCraftIdentifier": "the_vault:crafted_durability_t2",
        "modifierIdentifier": "the_vault:crafted_durability",
        "modifierTier": 2,
        "unlockCategory": "VAULT_DISCOVERY",
        "craftingCost": [
          {
            "AMOUNT": 8,
            "ITEM": "the_vault:amplifying_focus",
            "NBT": "{}"
          },
          {
            "AMOUNT": 8,
            "ITEM": "the_vault:vault_gold",
            "NBT": "{}"
          }
        ]
      },
      { "workbenchCraftIdentifier": "the_vault:crafted_durability_t3",
        "modifierIdentifier": "the_vault:crafted_durability",
        "modifierTier": 3,
        "unlockCategory": "VAULT_DISCOVERY",
        "craftingCost": [
          {
            "AMOUNT": 16,
            "ITEM": "the_vault:amplifying_focus",
            "NBT": "{}"
          },
          {
            "AMOUNT": 16,
            "ITEM": "the_vault:vault_gold",
            "NBT": "{}"
          }
        ]
      },
      { "workbenchCraftIdentifier": "the_vault:crafted_durability_t4",
        "modifierIdentifier": "the_vault:crafted_durability",
        "modifierTier": 4,
        "unlockCategory": "VAULT_DISCOVERY",
        "craftingCost": [
          {
            "AMOUNT": 32,
            "ITEM": "the_vault:amplifying_focus",
            "NBT": "{}"
          },
          {
            "AMOUNT": 32,
            "ITEM": "the_vault:vault_gold",
            "NBT": "{}"
          }
        ]
      },
      { "workbenchCraftIdentifier": "the_vault:crafted_durability_t5",
        "modifierIdentifier": "the_vault:crafted_durability",
        "modifierTier": 5,
        "unlockCategory": "VAULT_DISCOVERY",
        "craftingCost": [
          {
            "AMOUNT": 48,
            "ITEM": "the_vault:amplifying_focus",
            "NBT": "{}"
          },
          {
            "AMOUNT": 48,
            "ITEM": "the_vault:vault_gold",
            "NBT": "{}"
          }
        ]
      },
      
      { "workbenchCraftIdentifier": "the_vault:crafted_cdr_t0",
        "modifierIdentifier": "the_vault:crafted_cooldown_reduction",
        "modifierTier": 0,
        "unlockCategory": "LEVEL",
        "craftingCost": [
          {
            "AMOUNT": 2,
            "ITEM": "the_vault:amplifying_focus",
            "NBT": "{}"
          },
          {
            "AMOUNT": 2,
            "ITEM": "the_vault:vault_gold",
            "NBT": "{}"
          }
        ]
      },
      { "workbenchCraftIdentifier": "the_vault:crafted_cdr_t1",
        "modifierIdentifier": "the_vault:crafted_cooldown_reduction",
        "modifierTier": 1,
        "unlockCategory": "LEVEL",
        "craftingCost": [
          {
            "AMOUNT": 4,
            "ITEM": "the_vault:amplifying_focus",
            "NBT": "{}"
          },
          {
            "AMOUNT": 4,
            "ITEM": "the_vault:vault_gold",
            "NBT": "{}"
          }
        ]
      },
      { "workbenchCraftIdentifier": "the_vault:crafted_cdr_t2",
        "modifierIdentifier": "the_vault:crafted_cooldown_reduction",
        "modifierTier": 2,
        "unlockCategory": "LEVEL",
        "craftingCost": [
          {
            "AMOUNT": 8,
            "ITEM": "the_vault:amplifying_focus",
            "NBT": "{}"
          },
          {
            "AMOUNT": 8,
            "ITEM": "the_vault:vault_gold",
            "NBT": "{}"
          }
        ]
      },
      { "workbenchCraftIdentifier": "the_vault:crafted_cdr_t3",
        "modifierIdentifier": "the_vault:crafted_cooldown_reduction",
        "modifierTier": 3,
        "unlockCategory": "VAULT_DISCOVERY",
        "craftingCost": [
          {
            "AMOUNT": 16,
            "ITEM": "the_vault:amplifying_focus",
            "NBT": "{}"
          },
          {
            "AMOUNT": 16,
            "ITEM": "the_vault:vault_gold",
            "NBT": "{}"
          }
        ]
      },
      { "workbenchCraftIdentifier": "the_vault:crafted_cdr_t4",
        "modifierIdentifier": "the_vault:crafted_cooldown_reduction",
        "modifierTier": 4,
        "unlockCategory": "VAULT_DISCOVERY",
        "craftingCost": [
          {
            "AMOUNT": 24,
            "ITEM": "the_vault:amplifying_focus",
            "NBT": "{}"
          },
          {
            "AMOUNT": 24,
            "ITEM": "the_vault:vault_gold",
            "NBT": "{}"
          }
        ]
      },
      { "workbenchCraftIdentifier": "the_vault:crafted_cdr_t5",
        "modifierIdentifier": "the_vault:crafted_cooldown_reduction",
        "modifierTier": 5,
        "unlockCategory": "VAULT_DISCOVERY",
        "craftingCost": [
          {
            "AMOUNT": 32,
            "ITEM": "the_vault:amplifying_focus",
            "NBT": "{}"
          },
          {
            "AMOUNT": 32,
            "ITEM": "the_vault:vault_gold",
            "NBT": "{}"
          }
        ]
      },

      { "workbenchCraftIdentifier": "the_vault:crafted_duration_t0",
        "modifierIdentifier": "the_vault:crafted_effect_duration",
        "modifierTier": 0,
        "unlockCategory": "LEVEL",
        "craftingCost": [
          {
            "AMOUNT": 2,
            "ITEM": "the_vault:amplifying_focus",
            "NBT": "{}"
          },
          {
            "AMOUNT": 2,
            "ITEM": "the_vault:vault_gold",
            "NBT": "{}"
          }
        ]
      },
      { "workbenchCraftIdentifier": "the_vault:crafted_duration_t1",
        "modifierIdentifier": "the_vault:crafted_effect_duration",
        "modifierTier": 1,
        "unlockCategory": "LEVEL",
        "craftingCost": [
          {
            "AMOUNT": 4,
            "ITEM": "the_vault:amplifying_focus",
            "NBT": "{}"
          },
          {
            "AMOUNT": 4,
            "ITEM": "the_vault:vault_gold",
            "NBT": "{}"
          }
        ]
      },
      { "workbenchCraftIdentifier": "the_vault:crafted_duration_t2",
        "modifierIdentifier": "the_vault:crafted_effect_duration",
        "modifierTier": 2,
        "unlockCategory": "LEVEL",
        "craftingCost": [
          {
            "AMOUNT": 8,
            "ITEM": "the_vault:amplifying_focus",
            "NBT": "{}"
          },
          {
            "AMOUNT": 8,
            "ITEM": "the_vault:vault_gold",
            "NBT": "{}"
          }
        ]
      },
      { "workbenchCraftIdentifier": "the_vault:crafted_duration_t3",
        "modifierIdentifier": "the_vault:crafted_effect_duration",
        "modifierTier": 3,
        "unlockCategory": "VAULT_DISCOVERY",
        "craftingCost": [
          {
            "AMOUNT": 16,
            "ITEM": "the_vault:amplifying_focus",
            "NBT": "{}"
          },
          {
            "AMOUNT": 16,
            "ITEM": "the_vault:vault_gold",
            "NBT": "{}"
          }
        ]
      },
      { "workbenchCraftIdentifier": "the_vault:crafted_duration_t4",
        "modifierIdentifier": "the_vault:crafted_effect_duration",
        "modifierTier": 4,
        "unlockCategory": "VAULT_DISCOVERY",
        "craftingCost": [
          {
            "AMOUNT": 24,
            "ITEM": "the_vault:amplifying_focus",
            "NBT": "{}"
          },
          {
            "AMOUNT": 24,
            "ITEM": "the_vault:vault_gold",
            "NBT": "{}"
          }
        ]
      },
      { "workbenchCraftIdentifier": "the_vault:crafted_duration_t5",
        "modifierIdentifier": "the_vault:crafted_effect_duration",
        "modifierTier": 5,
        "unlockCategory": "VAULT_DISCOVERY",
        "craftingCost": [
          {
            "AMOUNT": 32,
            "ITEM": "the_vault:amplifying_focus",
            "NBT": "{}"
          },
          {
            "AMOUNT": 32,
            "ITEM": "the_vault:vault_gold",
            "NBT": "{}"
          }
        ]
      },

      

      { "workbenchCraftIdentifier": "the_vault:crafted_healing_eff_t0",
        "modifierIdentifier": "the_vault:crafted_healing_efficiency",
        "modifierTier": 0,
        "unlockCategory": "LEVEL",
        "craftingCost": [
          {
            "AMOUNT": 2,
            "ITEM": "the_vault:amplifying_focus",
            "NBT": "{}"
          },
          {
            "AMOUNT": 2,
            "ITEM": "the_vault:vault_gold",
            "NBT": "{}"
          }
        ]
      },
      { "workbenchCraftIdentifier": "the_vault:crafted_healing_eff_t1",
        "modifierIdentifier": "the_vault:crafted_healing_efficiency",
        "modifierTier": 1,
        "unlockCategory": "LEVEL",
        "craftingCost": [
          {
            "AMOUNT": 4,
            "ITEM": "the_vault:amplifying_focus",
            "NBT": "{}"
          },
          {
            "AMOUNT": 4,
            "ITEM": "the_vault:vault_gold",
            "NBT": "{}"
          }
        ]
      },
      { "workbenchCraftIdentifier": "the_vault:crafted_healing_eff_t2",
        "modifierIdentifier": "the_vault:crafted_healing_efficiency",
        "modifierTier": 2,
        "unlockCategory": "LEVEL",
        "craftingCost": [
          {
            "AMOUNT": 8,
            "ITEM": "the_vault:amplifying_focus",
            "NBT": "{}"
          },
          {
            "AMOUNT": 8,
            "ITEM": "the_vault:vault_gold",
            "NBT": "{}"
          }
        ]
      },
      { "workbenchCraftIdentifier": "the_vault:crafted_healing_eff_t3",
        "modifierIdentifier": "the_vault:crafted_healing_efficiency",
        "modifierTier": 3,
        "unlockCategory": "VAULT_DISCOVERY",
        "craftingCost": [
          {
            "AMOUNT": 16,
            "ITEM": "the_vault:amplifying_focus",
            "NBT": "{}"
          },
          {
            "AMOUNT": 16,
            "ITEM": "the_vault:vault_gold",
            "NBT": "{}"
          }
        ]
      },
      { "workbenchCraftIdentifier": "the_vault:crafted_healing_eff_t4",
        "modifierIdentifier": "the_vault:crafted_healing_efficiency",
        "modifierTier": 4,
        "unlockCategory": "VAULT_DISCOVERY",
        "craftingCost": [
          {
            "AMOUNT": 24,
            "ITEM": "the_vault:amplifying_focus",
            "NBT": "{}"
          },
          {
            "AMOUNT": 24,
            "ITEM": "the_vault:vault_gold",
            "NBT": "{}"
          }
        ]
      },
      { "workbenchCraftIdentifier": "the_vault:crafted_healing_eff_t5",
        "modifierIdentifier": "the_vault:crafted_healing_efficiency",
        "modifierTier": 5,
        "unlockCategory": "VAULT_DISCOVERY",
        "craftingCost": [
          {
            "AMOUNT": 32,
            "ITEM": "the_vault:amplifying_focus",
            "NBT": "{}"
          },
          {
            "AMOUNT": 32,
            "ITEM": "the_vault:vault_gold",
            "NBT": "{}"
          }
        ]
      },
      { "workbenchCraftIdentifier": "the_vault:crafted_item_quantity_t0",
        "modifierIdentifier": "the_vault:crafted_item_quantity",
        "modifierTier": 0,
        "unlockCategory": "LEVEL",
        "craftingCost": [
          {
            "AMOUNT": 4,
            "ITEM": "the_vault:amplifying_focus",
            "NBT": "{}"
          },
          {
            "AMOUNT": 4,
            "ITEM": "the_vault:vault_gold",
            "NBT": "{}"
          }
        ]
      },
      { "workbenchCraftIdentifier": "the_vault:crafted_item_quantity_t1",
        "modifierIdentifier": "the_vault:crafted_item_quantity",
        "modifierTier": 1,
        "unlockCategory": "LEVEL",
        "craftingCost": [
          {
            "AMOUNT": 8,
            "ITEM": "the_vault:amplifying_focus",
            "NBT": "{}"
          },
          {
            "AMOUNT": 8,
            "ITEM": "the_vault:vault_gold",
            "NBT": "{}"
          }
        ]
      },
      { "workbenchCraftIdentifier": "the_vault:crafted_item_quantity_t2",
        "modifierIdentifier": "the_vault:crafted_item_quantity",
        "modifierTier": 2,
        "unlockCategory": "VAULT_DISCOVERY",
        "craftingCost": [
          {
            "AMOUNT": 16,
            "ITEM": "the_vault:amplifying_focus",
            "NBT": "{}"
          },
          {
            "AMOUNT": 16,
            "ITEM": "the_vault:vault_gold",
            "NBT": "{}"
          }
        ]
      },
      { "workbenchCraftIdentifier": "the_vault:crafted_item_quantity_t3",
        "modifierIdentifier": "the_vault:crafted_item_quantity",
        "modifierTier": 3,
        "unlockCategory": "VAULT_DISCOVERY",
        "craftingCost": [
          {
            "AMOUNT": 24,
            "ITEM": "the_vault:amplifying_focus",
            "NBT": "{}"
          },
          {
            "AMOUNT": 24,
            "ITEM": "the_vault:vault_gold",
            "NBT": "{}"
          }
        ]
      },
      { "workbenchCraftIdentifier": "the_vault:crafted_item_quantity_t4",
        "modifierIdentifier": "the_vault:crafted_item_quantity",
        "modifierTier": 4,
        "unlockCategory": "VAULT_DISCOVERY",
        "craftingCost": [
          {
            "AMOUNT": 32,
            "ITEM": "the_vault:amplifying_focus",
            "NBT": "{}"
          },
          {
            "AMOUNT": 32,
            "ITEM": "the_vault:vault_gold",
            "NBT": "{}"
          }
        ]
      },
      { "workbenchCraftIdentifier": "the_vault:crafted_item_rarity_t0",
        "modifierIdentifier": "the_vault:crafted_item_rarity",
        "modifierTier": 0,
        "unlockCategory": "LEVEL",
        "craftingCost": [
          {
            "AMOUNT": 4,
            "ITEM": "the_vault:amplifying_focus",
            "NBT": "{}"
          },
          {
            "AMOUNT": 4,
            "ITEM": "the_vault:vault_gold",
            "NBT": "{}"
          }
        ]
      },
      { "workbenchCraftIdentifier": "the_vault:crafted_item_rarity_t1",
        "modifierIdentifier": "the_vault:crafted_item_rarity",
        "modifierTier": 1,
        "unlockCategory": "LEVEL",
        "craftingCost": [
          {
            "AMOUNT": 8,
            "ITEM": "the_vault:amplifying_focus",
            "NBT": "{}"
          },
          {
            "AMOUNT": 8,
            "ITEM": "the_vault:vault_gold",
            "NBT": "{}"
          }
        ]
      },
      { "workbenchCraftIdentifier": "the_vault:crafted_item_rarity_t2",
        "modifierIdentifier": "the_vault:crafted_item_rarity",
        "modifierTier": 2,
        "unlockCategory": "VAULT_DISCOVERY",
        "craftingCost": [
          {
            "AMOUNT": 16,
            "ITEM": "the_vault:amplifying_focus",
            "NBT": "{}"
          },
          {
            "AMOUNT": 16,
            "ITEM": "the_vault:vault_gold",
            "NBT": "{}"
          }
        ]
      },
      { "workbenchCraftIdentifier": "the_vault:crafted_item_rarity_t3",
        "modifierIdentifier": "the_vault:crafted_item_rarity",
        "modifierTier": 3,
        "unlockCategory": "VAULT_DISCOVERY",
        "craftingCost": [
          {
            "AMOUNT": 24,
            "ITEM": "the_vault:amplifying_focus",
            "NBT": "{}"
          },
          {
            "AMOUNT": 24,
            "ITEM": "the_vault:vault_gold",
            "NBT": "{}"
          }
        ]
      },
      { "workbenchCraftIdentifier": "the_vault:crafted_item_rarity_t4",
        "modifierIdentifier": "the_vault:crafted_item_rarity",
        "modifierTier": 4,
        "unlockCategory": "VAULT_DISCOVERY",
        "craftingCost": [
          {
            "AMOUNT": 32,
            "ITEM": "the_vault:amplifying_focus",
            "NBT": "{}"
          },
          {
            "AMOUNT": 32,
            "ITEM": "the_vault:vault_gold",
            "NBT": "{}"
          }
        ]
      },
      { "workbenchCraftIdentifier": "the_vault:crafted_trap_disarming_t0",
        "modifierIdentifier": "the_vault:crafted_trap_disarming",
        "modifierTier": 0,
        "unlockCategory": "LEVEL",
        "craftingCost": [
          {
            "AMOUNT": 2,
            "ITEM": "the_vault:amplifying_focus",
            "NBT": "{}"
          },
          {
            "AMOUNT": 2,
            "ITEM": "the_vault:vault_gold",
            "NBT": "{}"
          }
        ]
      },
      { "workbenchCraftIdentifier": "the_vault:crafted_trap_disarming_t1",
        "modifierIdentifier": "the_vault:crafted_trap_disarming",
        "modifierTier": 1,
        "unlockCategory": "LEVEL",
        "craftingCost": [
          {
            "AMOUNT": 4,
            "ITEM": "the_vault:amplifying_focus",
            "NBT": "{}"
          },
          {
            "AMOUNT": 4,
            "ITEM": "the_vault:vault_gold",
            "NBT": "{}"
          }
        ]
      },
      { "workbenchCraftIdentifier": "the_vault:crafted_trap_disarming_t2",
        "modifierIdentifier": "the_vault:crafted_trap_disarming",
        "modifierTier": 2,
        "unlockCategory": "LEVEL",
        "craftingCost": [
          {
            "AMOUNT": 8,
            "ITEM": "the_vault:amplifying_focus",
            "NBT": "{}"
          },
          {
            "AMOUNT": 8,
            "ITEM": "the_vault:vault_gold",
            "NBT": "{}"
          }
        ]
      },
      { "workbenchCraftIdentifier": "the_vault:crafted_trap_disarming_t3",
        "modifierIdentifier": "the_vault:crafted_trap_disarming",
        "modifierTier": 3,
        "unlockCategory": "VAULT_DISCOVERY",
        "craftingCost": [
          {
            "AMOUNT": 16,
            "ITEM": "the_vault:amplifying_focus",
            "NBT": "{}"
          },
          {
            "AMOUNT": 16,
            "ITEM": "the_vault:vault_gold",
            "NBT": "{}"
          }
        ]
      },
      
      { "workbenchCraftIdentifier": "the_vault:crafted_mana_regen_t0",
        "modifierIdentifier": "the_vault:crafted_mana_regen",
        "modifierTier": 0,
        "unlockCategory": "LEVEL",
        "craftingCost": [
          {
            "AMOUNT": 2,
            "ITEM": "the_vault:amplifying_focus",
            "NBT": "{}"
          },
          {
            "AMOUNT": 2,
            "ITEM": "the_vault:vault_gold",
            "NBT": "{}"
          }
        ]
      },
      { "workbenchCraftIdentifier": "the_vault:crafted_mana_regen_t1",
        "modifierIdentifier": "the_vault:crafted_mana_regen",
        "modifierTier": 1,
        "unlockCategory": "LEVEL",
        "craftingCost": [
          {
            "AMOUNT": 4,
            "ITEM": "the_vault:amplifying_focus",
            "NBT": "{}"
          },
          {
            "AMOUNT": 4,
            "ITEM": "the_vault:vault_gold",
            "NBT": "{}"
          }
        ]
      },
      { "workbenchCraftIdentifier": "the_vault:crafted_mana_regen_t2",
        "modifierIdentifier": "the_vault:crafted_mana_regen",
        "modifierTier": 2,
        "unlockCategory": "LEVEL",
        "craftingCost": [
          {
            "AMOUNT": 8,
            "ITEM": "the_vault:amplifying_focus",
            "NBT": "{}"
          },
          {
            "AMOUNT": 8,
            "ITEM": "the_vault:vault_gold",
            "NBT": "{}"
          }
        ]
      },
      { "workbenchCraftIdentifier": "the_vault:crafted_mana_regen_t3",
        "modifierIdentifier": "the_vault:crafted_mana_regen",
        "modifierTier": 3,
        "unlockCategory": "VAULT_DISCOVERY",
        "craftingCost": [
          {
            "AMOUNT": 12,
            "ITEM": "the_vault:amplifying_focus",
            "NBT": "{}"
          },
          {
            "AMOUNT": 12,
            "ITEM": "the_vault:vault_gold",
            "NBT": "{}"
          }
        ]
      },
      { "workbenchCraftIdentifier": "the_vault:crafted_mana_regen_t4",
        "modifierIdentifier": "the_vault:crafted_mana_regen",
        "modifierTier": 4,
        "unlockCategory": "VAULT_DISCOVERY",
        "craftingCost": [
          {
            "AMOUNT": 16,
            "ITEM": "the_vault:amplifying_focus",
            "NBT": "{}"
          },
          {
            "AMOUNT": 16,
            "ITEM": "the_vault:vault_gold",
            "NBT": "{}"
          }
        ]
      },
      { "workbenchCraftIdentifier": "the_vault:crafted_mana_regen_t5",
        "modifierIdentifier": "the_vault:crafted_mana_regen",
        "modifierTier": 5,
        "unlockCategory": "VAULT_DISCOVERY",
        "craftingCost": [
          {
            "AMOUNT": 24,
            "ITEM": "the_vault:amplifying_focus",
            "NBT": "{}"
          },
          {
            "AMOUNT": 24,
            "ITEM": "the_vault:vault_gold",
            "NBT": "{}"
          }
        ]
      },
      { "workbenchCraftIdentifier": "the_vault:crafted_mana_regen_t6",
        "modifierIdentifier": "the_vault:crafted_mana_regen",
        "modifierTier": 6,
        "unlockCategory": "VAULT_DISCOVERY",
        "craftingCost": [
          {
            "AMOUNT": 32,
            "ITEM": "the_vault:amplifying_focus",
            "NBT": "{}"
          },
          {
            "AMOUNT": 32,
            "ITEM": "the_vault:vault_gold",
            "NBT": "{}"
          }
        ]
      },
      { "workbenchCraftIdentifier": "the_vault:crafted_mana_regen_t7",
        "modifierIdentifier": "the_vault:crafted_mana_regen",
        "modifierTier": 7,
        "unlockCategory": "VAULT_DISCOVERY",
        "craftingCost": [
          {
            "AMOUNT": 48,
            "ITEM": "the_vault:amplifying_focus",
            "NBT": "{}"
          },
          {
            "AMOUNT": 48,
            "ITEM": "the_vault:vault_gold",
            "NBT": "{}"
          }
        ]
      },
      { "workbenchCraftIdentifier": "the_vault:crafted_soul_chance_t0",
        "modifierIdentifier": "the_vault:crafted_soul_chance",
        "modifierTier": 0,
        "unlockCategory": "LEVEL",
        "craftingCost": [
          {
            "AMOUNT": 4,
            "ITEM": "the_vault:amplifying_focus",
            "NBT": "{}"
          },
          {
            "AMOUNT": 4,
            "ITEM": "the_vault:vault_gold",
            "NBT": "{}"
          }
        ]
      },
      { "workbenchCraftIdentifier": "the_vault:crafted_soul_chance_t1",
        "modifierIdentifier": "the_vault:crafted_soul_chance",
        "modifierTier": 1,
        "unlockCategory": "LEVEL",
        "craftingCost": [
          {
            "AMOUNT": 8,
            "ITEM": "the_vault:amplifying_focus",
            "NBT": "{}"
          },
          {
            "AMOUNT": 8,
            "ITEM": "the_vault:vault_gold",
            "NBT": "{}"
          }
        ]
      },
      { "workbenchCraftIdentifier": "the_vault:crafted_soul_chance_t2",
        "modifierIdentifier": "the_vault:crafted_soul_chance",
        "modifierTier": 2,
        "unlockCategory": "VAULT_DISCOVERY",
        "craftingCost": [
          {
            "AMOUNT": 16,
            "ITEM": "the_vault:amplifying_focus",
            "NBT": "{}"
          },
          {
            "AMOUNT": 16,
            "ITEM": "the_vault:vault_gold",
            "NBT": "{}"
          }
        ]
      },
      { "workbenchCraftIdentifier": "the_vault:crafted_soul_chance_t3",
        "modifierIdentifier": "the_vault:crafted_soul_chance",
        "modifierTier": 3,
        "unlockCategory": "VAULT_DISCOVERY",
        "craftingCost": [
          {
            "AMOUNT": 32,
            "ITEM": "the_vault:amplifying_focus",
            "NBT": "{}"
          },
          {
            "AMOUNT": 32,
            "ITEM": "the_vault:vault_gold",
            "NBT": "{}"
          }
        ]
      }
    ]
  }
}