{
  "entries": [
    {
      "roll": {
        "type": "uniform",
        "min": 0,
        "max": 1
      },
      "pool": [

        { "weight": 1,
          "pool": [
            {
              "weight": 16,
              "item": {
                "id": "the_vault:sword",
                "nbt": {
                  "the_vault:gear_roll_type_pool": "gear_completion"
                },
                "count": {
                  "type": "uniform",
                  "min": 1,
                  "max": 1
                  }
              }
            },
            {
              "weight": 16,
              "item": {
                "id": "the_vault:axe",
                "nbt": {
                  "the_vault:gear_roll_type_pool": "gear_completion"
                },
                "count": {
                  "type": "uniform",
                  "min": 1,
                  "max": 1
                  }
              }
            },
            {
              "weight": 16,
              "item": {
                "id": "the_vault:helmet",
                "nbt": {
                  "the_vault:gear_roll_type_pool": "gear_completion"
                },
                "count": {
                  "type": "uniform",
                  "min": 1,
                  "max": 1
                  }
              }
            },
            {
              "weight": 16,
              "item": {
                "id": "the_vault:chestplate",
                "nbt": {
                  "the_vault:gear_roll_type_pool": "gear_completion"
                },
                "count": {
                  "type": "uniform",
                  "min": 1,
                  "max": 1
                  }
              }
            },
            {
              "weight": 16,
              "item": {
                "id": "the_vault:leggings",
                "nbt": {
                  "the_vault:gear_roll_type_pool": "gear_completion"
                },
                "count": {
                  "type": "uniform",
                  "min": 1,
                  "max": 1
                  }
              }
            },
            {
              "weight": 16,
              "item": {
                "id": "the_vault:boots",
                "nbt": {
                  "the_vault:gear_roll_type_pool": "gear_completion"
                },
                "count": {
                  "type": "uniform",
                  "min": 1,
                  "max": 1
                  }
              }
            },
            {
              "weight": 16,
              "item": {
                "id": "the_vault:shield",
                "nbt": {
                  "the_vault:gear_roll_type_pool": "gear_completion"
                },
                "count": {
                  "type": "uniform",
                  "min": 1,
                  "max": 1
                  }
              }
            },
            {
              "weight": 16,
              "item": {
                "id": "the_vault:wand",
                "nbt": {
                  "the_vault:gear_roll_type_pool": "gear_completion"
                },
                "count": {
                  "type": "uniform",
                  "min": 1,
                  "max": 1
                  }
              }
            },
            {
              "weight": 16,
              "item": {
                "id": "the_vault:focus",
                "nbt": {
                  "the_vault:gear_roll_type_pool": "gear_completion"
                },
                "count": {
                  "type": "uniform",
                  "min": 1,
                  "max": 1
                  }
              }
            }
          ]
        }
      ]
    },
    {
      "roll": {
        "type": "uniform",
        "min": 1,
        "max": 1
      },
      "pool": [

        { "weight": 1,
          "pool": [
            {
              "weight": 5,
              "item": {
                "id": "minecraft:air",
                "count": {
                  "type": "uniform",
                  "min": 1,
                  "max": 1
                }
              }
            },
            {
              "weight": 1,
              "item": {
                "id": "the_vault:jewel_pouch",
                "count": {
                  "type": "uniform",
                  "min": 1,
                  "max": 1
                }
              }
            }
          ]
        }
      ]
    },
    {
      "roll": {
        "type": "uniform",
        "min": 1,
        "max": 1
      },
      "pool": [

        { "weight": 1,
          "pool": [
            {
              "weight": 1,
              "item": {
                "id": "the_vault:waning_focus",
                "count": {
                  "type": "uniform",
                  "min": 1,
                  "max": 1
                }
              }
            },
            {
              "weight": 1,
              "item": {
                "id": "the_vault:waxing_focus",
                "count": {
                  "type": "uniform",
                  "min": 1,
                  "max": 1
                }
              }
            },
            {
              "weight": 3,
              "item": {
                "id": "the_vault:chaotic_focus",
                "count": {
                  "type": "uniform",
                  "min": 1,
                  "max": 3
                }
              }
            }
          ]
        }
      ]
    },
    {
      "roll": {
        "type": "uniform",
        "min": 1,
        "max": 1
      },
      "pool": [

        { "weight": 1,
          "pool": [
            {
              "weight": 1,
              "item": {
                "id": "the_vault:fundamental_focus",
                "count": {
                  "type": "uniform",
                  "min": 0,
                  "max": 1
                }
              }
            },
            {
              "weight": 9,
              "item": {
                "id": "minecraft:air",
                "count": {
                  "type": "uniform",
                  "min": 1,
                  "max": 1
                }
              }
            }
          ]
        }
      ]
    },
    {
      "roll": {
        "type": "uniform",
        "min": 1,
        "max": 1
      },
      "pool": [

        { "weight": 1,
          "pool": [
            {
              "weight": 1,
              "item": {
                "id": "the_vault:vault_gold",
                "count": {
                  "type": "uniform",
                  "min": 7,
                  "max": 10
                }
              }
            }
          ]
        }
      ]
    },
    {
      "roll": {
        "type": "uniform",
        "min": 1,
        "max": 1
      },
      "pool": [

        { "weight": 1,
          "pool": [
            {
              "weight": 1,
              "item": {
                "id": "the_vault:bitter_lemon",
                "count": {
                  "type": "uniform",
                  "min": 1,
                  "max": 1
                }
              }
            },
            {
              "weight": 6,
              "item": {
                "id": "the_vault:sweet_kiwi",
                "count": {
                  "type": "uniform",
                  "min": 1,
                  "max": 2
                }
              }
            },
            {
              "weight": 4,
              "item": {
                "id": "the_vault:grapes",
                "count": {
                  "type": "uniform",
                  "min": 1,
                  "max": 2
                }
              }
            }
          ]
        }
      ]
    },
    {
      "roll": {
        "type": "uniform",
        "min": 1,
        "max": 1
      },
      "pool": [

        { "weight": 1,
          "pool": [
            {
              "weight": 1,
              "item": {
                "id": "the_vault:crystal_seal_empty",
                "count": {
                  "type": "uniform",
                  "min": 1,
                  "max": 1
                }
              }
            }
          ]
        }
      ]
    },
    {
      "roll": {
        "type": "uniform",
        "min": 0,
        "max": 1
      },
      "pool": [

        { "weight": 1,
          "pool": [
            {
              "weight": 1,
              "item": {
                "id": "the_vault:unidentified_treasure_key",
                "count": {
                  "type": "uniform",
                  "min": 1,
                  "max": 1
                }
              }
            },
            {
              "weight": 1,
              "item": {
                "id": "the_vault:capstone_peaceful",
                "count": {
                  "type": "uniform",
                  "min": 1,
                  "max": 1
                }
              }
            },
            {
              "weight": 4,
              "item": {
                "id": "the_vault:soul_vortex",
                "count": {
                  "type": "uniform",
                  "min": 1,
                  "max": 1
                }
              }
            },
            {
              "weight": 8,
              "item": {
                "id": "the_vault:card_deck",
                "nbt": {
                  "id": "double"
                },
                "count": {
                  "type": "uniform",
                  "min": 1,
                  "max": 1
                }
              }
            },
            {
              "weight": 6,
              "item": {
                "id": "the_vault:card_deck",
                "nbt": {
                  "id": "large"
                },
                "count": {
                  "type": "uniform",
                  "min": 1,
                  "max": 1
                }
              }
            },
            {
              "weight": 5,
              "item": {
                "id": "the_vault:trinket",
                "count": {
                  "type": "uniform",
                  "min": 1,
                  "max": 1
                }
              }
            },
            {
              "weight": 18,
              "item": {
                "id": "the_vault:mango",
                "count": {
                  "type": "uniform",
                  "min": 1,
                  "max": 1
                }
              }
            },
            {
              "weight": 8,
              "item": {
                "id": "the_vault:sour_orange",
                "count": {
                  "type": "uniform",
                  "min": 1,
                  "max": 1
                }
              }
            },
            {
              "weight": 3,
              "item": {
                "id": "the_vault:star_fruit",
                "count": {
                  "type": "uniform",
                  "min": 1,
                  "max": 1
                }
              }
            },
            {
              "weight": 10,
              "item": {
                "id": "the_vault:gem_echo",
                "count": {
                  "type": "uniform",
                  "min": 1,
                  "max": 1
                }
              }
            },
            {
              "weight": 6,
              "item": {
                "id": "the_vault:capstone_dungeon_hunter",
                "count": {
                  "type": "uniform",
                  "min": 1,
                  "max": 1
                }
              }
            },
            {
              "weight": 1,
              "item": {
                "id": "the_vault:capstone_treasure_hunter",
                "count": {
                  "type": "uniform",
                  "min": 1,
                  "max": 1
                }
              }
            },
            {
              "weight": 12,
              "item": {
                "id": "the_vault:eye_of_avarice",
                "count": {
                  "type": "uniform",
                  "min": 1,
                  "max": 1
                }
              }
            },
            {
              "weight": 8,
              "item": {
                "id": "the_vault:gem_pog",
                "count": {
                  "type": "uniform",
                  "min": 1,
                  "max": 1
                }
              }
            },
            {
              "weight": 8,
              "item": {
                "id": "the_vault:inscription",
                "nbt": {
                  "pool": "the_vault:random"
                },
                "count": {
                  "type": "uniform",
                  "min": 1,
                  "max": 1
                  }
              }
            }
          ]
        }
      ]
    },
    {
      "roll": {
        "type": "uniform",
        "min": 1,
        "max": 1
      },
      "pool": [

        { "weight": 1,
        "pool": [
          {
            "weight": 36,
            "item": {
              "id": "the_vault:booster_pack",
              "nbt": {
                "id": "the_vault:stat_pack"
              },
              "count": {
                "type": "uniform",
                "min": 1,
                "max": 1
              }
            }
          },
          {
            "weight": 4,
            "item": {
              "id": "the_vault:booster_pack",
              "nbt": {
                "id": "the_vault:arcane_pack"
              },
              "count": {
                "type": "uniform",
                "min": 1,
                "max": 1
              }
            }
          },
          {
            "weight": 1,
            "item": {
              "id": "the_vault:booster_pack",
              "nbt": {
                "id": "the_vault:mega_arcane_pack"
              },
              "count": {
                "type": "uniform",
                "min": 1,
                "max": 1
              }
            }
          },
          {
            "weight": 2,
            "item": {
              "id": "the_vault:booster_pack",
              "nbt": {
                "id": "the_vault:mega_stat_pack"
              },
              "count": {
                "type": "uniform",
                "min": 1,
                "max": 1
              }
            }
          },
          {
            "weight": 18,
            "item": {
              "id": "the_vault:booster_pack",
              "nbt": {
                "id": "the_vault:mix_pack"
              },
              "count": {
                "type": "uniform",
                "min": 1,
                "max": 1
              }
            }
          },
          {
            "weight": 2,
            "item": {
              "id": "the_vault:booster_pack",
              "nbt": {
                "id": "the_vault:mega_mix_pack"
              },
              "count": {
                "type": "uniform",
                "min": 1,
                "max": 1
              }
            }
          },
          {
            "weight": 10,
            "item": {
              "id": "the_vault:booster_pack",
              "nbt": {
                "id": "the_vault:resource_pack"
              },
              "count": {
                "type": "uniform",
                "min": 1,
                "max": 1
              }
            }
          },
          {
            "weight": 16,
            "item": {
              "id": "the_vault:booster_pack",
              "nbt": {
                "id": "the_vault:evolution_pack"
              },
              "count": {
                "type": "uniform",
                "min": 1,
                "max": 1
              }
            }
          },
          {
            "weight": 2,
            "item": {
              "id": "the_vault:booster_pack",
              "nbt": {
                "id": "the_vault:mega_evolution_pack"
              },
              "count": {
                "type": "uniform",
                "min": 1,
                "max": 1
              }
            }
          },
          {
            "weight": 6,
            "item": {
              "id": "the_vault:booster_pack",
              "nbt": {
                "id": "the_vault:wild_pack"
              },
              "count": {
                "type": "uniform",
                "min": 1,
                "max": 1
              }
            }
          }
        ]
      }
      ]
    }
  ]
}