{
  "entries": [
    {
      "roll": {
        "type": "uniform",
        "min": 1,
        "max": 1
      },
      "pool": [
        { "weight": 1,
          "pool": [
            {
              "weight": 15,
              "item": {
                "id": "the_vault:eternal_soul",
                "count": {
                  "type": "uniform",
                  "min": 2,
                  "max": 5
                }
              }
            }
          ]
        },
        { "weight": 1,
          "pool": [
            {
              "weight": 16,
              "item": {
                "id": "the_vault:sword",
                "nbt": {
                  "the_vault:gear_roll_type_pool": "gear_completion_crate_mono"
                },
                "count": {
                  "type": "uniform",
                  "min": 1,
                  "max": 1
                  }
              }
            },
            {
              "weight": 16,
              "item": {
                "id": "the_vault:axe",
                "nbt": {
                  "the_vault:gear_roll_type_pool": "gear_completion_crate_mono"
                },
                "count": {
                  "type": "uniform",
                  "min": 1,
                  "max": 1
                  }
              }
            },
            {
              "weight": 16,
              "item": {
                "id": "the_vault:helmet",
                "nbt": {
                  "the_vault:gear_roll_type_pool": "gear_completion_crate_mono"
                },
                "count": {
                  "type": "uniform",
                  "min": 1,
                  "max": 1
                  }
              }
            },
            {
              "weight": 16,
              "item": {
                "id": "the_vault:chestplate",
                "nbt": {
                  "the_vault:gear_roll_type_pool": "gear_completion_crate_mono"
                },
                "count": {
                  "type": "uniform",
                  "min": 1,
                  "max": 1
                  }
              }
            },
            {
              "weight": 16,
              "item": {
                "id": "the_vault:leggings",
                "nbt": {
                  "the_vault:gear_roll_type_pool": "gear_completion_crate_mono"
                },
                "count": {
                  "type": "uniform",
                  "min": 1,
                  "max": 1
                  }
              }
            },
            {
              "weight": 16,
              "item": {
                "id": "the_vault:boots",
                "nbt": {
                  "the_vault:gear_roll_type_pool": "gear_completion_crate_mono"
                },
                "count": {
                  "type": "uniform",
                  "min": 1,
                  "max": 1
                  }
              }
            },
            {
              "weight": 16,
              "item": {
                "id": "the_vault:shield",
                "nbt": {
                  "the_vault:gear_roll_type_pool": "gear_completion_crate_mono"
                },
                "count": {
                  "type": "uniform",
                  "min": 1,
                  "max": 1
                  }
              }
            },
            {
              "weight": 16,
              "item": {
                "id": "the_vault:wand",
                "nbt": {
                  "the_vault:gear_roll_type_pool": "gear_completion_crate_mono"
                },
                "count": {
                  "type": "uniform",
                  "min": 1,
                  "max": 1
                  }
              }
            }
          ]
        },
        { "weight": 1,
          "pool": [
            {
              "weight": 16,
              "item": {
                "id": "the_vault:sword",
                "nbt": {
                  "the_vault:gear_roll_type_pool": "gear_completion_crate_kill"
                },
                "count": {
                  "type": "uniform",
                  "min": 1,
                  "max": 1
                  }
              }
            },
            {
              "weight": 16,
              "item": {
                "id": "the_vault:axe",
                "nbt": {
                  "the_vault:gear_roll_type_pool": "gear_completion_crate_kill"
                },
                "count": {
                  "type": "uniform",
                  "min": 1,
                  "max": 1
                  }
              }
            },
            {
              "weight": 16,
              "item": {
                "id": "the_vault:helmet",
                "nbt": {
                  "the_vault:gear_roll_type_pool": "gear_completion_crate_kill"
                },
                "count": {
                  "type": "uniform",
                  "min": 1,
                  "max": 1
                  }
              }
            },
            {
              "weight": 16,
              "item": {
                "id": "the_vault:chestplate",
                "nbt": {
                  "the_vault:gear_roll_type_pool": "gear_completion_crate_kill"
                },
                "count": {
                  "type": "uniform",
                  "min": 1,
                  "max": 1
                  }
              }
            },
            {
              "weight": 16,
              "item": {
                "id": "the_vault:leggings",
                "nbt": {
                  "the_vault:gear_roll_type_pool": "gear_completion_crate_kill"
                },
                "count": {
                  "type": "uniform",
                  "min": 1,
                  "max": 1
                  }
              }
            },
            {
              "weight": 16,
              "item": {
                "id": "the_vault:boots",
                "nbt": {
                  "the_vault:gear_roll_type_pool": "gear_completion_crate_kill"
                },
                "count": {
                  "type": "uniform",
                  "min": 1,
                  "max": 1
                  }
              }
            },
            {
              "weight": 16,
              "item": {
                "id": "the_vault:shield",
                "nbt": {
                  "the_vault:gear_roll_type_pool": "gear_completion_crate_kill"
                },
                "count": {
                  "type": "uniform",
                  "min": 1,
                  "max": 1
                  }
              }
            },
            {
              "weight": 16,
              "item": {
                "id": "the_vault:wand",
                "nbt": {
                  "the_vault:gear_roll_type_pool": "gear_completion_crate_kill"
                },
                "count": {
                  "type": "uniform",
                  "min": 1,
                  "max": 1
                  }
              }
            }
          ]
        },
        { "weight": 1,
          "pool": [
            {
              "weight": 16,
              "item": {
                "id": "the_vault:sword",
                "nbt": {
                  "the_vault:gear_roll_type_pool": "gear_completion_crate_elix"
                },
                "count": {
                  "type": "uniform",
                  "min": 1,
                  "max": 1
                  }
              }
            },
            {
              "weight": 16,
              "item": {
                "id": "the_vault:axe",
                "nbt": {
                  "the_vault:gear_roll_type_pool": "gear_completion_crate_elix"
                },
                "count": {
                  "type": "uniform",
                  "min": 1,
                  "max": 1
                  }
              }
            },
            {
              "weight": 16,
              "item": {
                "id": "the_vault:helmet",
                "nbt": {
                  "the_vault:gear_roll_type_pool": "gear_completion_crate_elix"
                },
                "count": {
                  "type": "uniform",
                  "min": 1,
                  "max": 1
                  }
              }
            },
            {
              "weight": 16,
              "item": {
                "id": "the_vault:chestplate",
                "nbt": {
                  "the_vault:gear_roll_type_pool": "gear_completion_crate_elix"
                },
                "count": {
                  "type": "uniform",
                  "min": 1,
                  "max": 1
                  }
              }
            },
            {
              "weight": 16,
              "item": {
                "id": "the_vault:leggings",
                "nbt": {
                  "the_vault:gear_roll_type_pool": "gear_completion_crate_elix"
                },
                "count": {
                  "type": "uniform",
                  "min": 1,
                  "max": 1
                  }
              }
            },
            {
              "weight": 16,
              "item": {
                "id": "the_vault:boots",
                "nbt": {
                  "the_vault:gear_roll_type_pool": "gear_completion_crate_elix"
                },
                "count": {
                  "type": "uniform",
                  "min": 1,
                  "max": 1
                  }
              }
            },
            {
              "weight": 16,
              "item": {
                "id": "the_vault:shield",
                "nbt": {
                  "the_vault:gear_roll_type_pool": "gear_completion_crate_elix"
                },
                "count": {
                  "type": "uniform",
                  "min": 1,
                  "max": 1
                  }
              }
            },
            {
              "weight": 16,
              "item": {
                "id": "the_vault:wand",
                "nbt": {
                  "the_vault:gear_roll_type_pool": "gear_completion_crate_elix"
                },
                "count": {
                  "type": "uniform",
                  "min": 1,
                  "max": 1
                  }
              }
            }
          ]
        },
        { "weight": 1,
          "pool": [
            {
              "weight": 16,
              "item": {
                "id": "the_vault:sword",
                "nbt": {
                  "the_vault:gear_roll_type_pool": "gear_completion_crate_scav"
                },
                "count": {
                  "type": "uniform",
                  "min": 1,
                  "max": 1
                }
              }
            },
            {
              "weight": 16,
              "item": {
                "id": "the_vault:axe",
                "nbt": {
                  "the_vault:gear_roll_type_pool": "gear_completion_crate_scav"
                },
                "count": {
                  "type": "uniform",
                  "min": 1,
                  "max": 1
                }
              }
            },
            {
              "weight": 16,
              "item": {
                "id": "the_vault:helmet",
                "nbt": {
                  "the_vault:gear_roll_type_pool": "gear_completion_crate_scav"
                },
                "count": {
                  "type": "uniform",
                  "min": 1,
                  "max": 1
                }
              }
            },
            {
              "weight": 16,
              "item": {
                "id": "the_vault:chestplate",
                "nbt": {
                  "the_vault:gear_roll_type_pool": "gear_completion_crate_scav"
                },
                "count": {
                  "type": "uniform",
                  "min": 1,
                  "max": 1
                }
              }
            },
            {
              "weight": 16,
              "item": {
                "id": "the_vault:leggings",
                "nbt": {
                  "the_vault:gear_roll_type_pool": "gear_completion_crate_scav"
                },
                "count": {
                  "type": "uniform",
                  "min": 1,
                  "max": 1
                }
              }
            },
            {
              "weight": 16,
              "item": {
                "id": "the_vault:boots",
                "nbt": {
                  "the_vault:gear_roll_type_pool": "gear_completion_crate_scav"
                },
                "count": {
                  "type": "uniform",
                  "min": 1,
                  "max": 1
                }
              }
            },
            {
              "weight": 16,
              "item": {
                "id": "the_vault:shield",
                "nbt": {
                  "the_vault:gear_roll_type_pool": "gear_completion_crate_scav"
                },
                "count": {
                  "type": "uniform",
                  "min": 1,
                  "max": 1
                }
              }
            },
            {
              "weight": 16,
              "item": {
                "id": "the_vault:wand",
                "nbt": {
                  "the_vault:gear_roll_type_pool": "gear_completion_crate_scav"
                },
                "count": {
                  "type": "uniform",
                  "min": 1,
                  "max": 1
                }
              }
            }
          ]
        },
        { "weight": 1,
          "pool": [
            {
              "weight": 32,
              "item": {
                "id": "the_vault:jewel",
                "nbt": {
                  "the_vault:gear_roll_type_pool": "jewel_completion_crate"
                },
                "count": {
                  "type": "uniform",
                  "min": 1,
                  "max": 1
                }
              }
            }
          ]
        }
      ]
    }
  ]
}