{
  "entries": [
    {
      "roll": {
        "type": "uniform",
        "min": 12,
        "max": 15
      },
      "pool": [
        { "weight": 70,
          "pool": [
            {
                "weight": 16,
                "item": {
                "id": "the_vault:living_rock",
                "count": {
                  "type": "uniform",
                  "min": 1,
                  "max": 2
                  }
                }
            },
            {
              "weight": 8,
              "item": {
              "id": "the_vault:mossy_bone",
              "count": {
                "type": "uniform",
                "min": 1,
                "max": 1
                }
              }
            },
            {
              "weight": 10,
              "item": {
                "id": "the_vault:overgrown_wooden_chunk",
                "count": {
                  "type": "uniform",
                  "min": 1,
                  "max": 2
                  }
              }
            },
            {
              "weight": 16,
              "item": {
                "id": "the_vault:rotten_meat",
                "count": {
                  "type": "uniform",
                  "min": 1,
                  "max": 2
                  }
              }
            },
            {
              "weight": 8,
              "item": {
                "id": "the_vault:knowledge_star_essence",
                "count": {
                  "type": "uniform",
                  "min": 1,
                  "max": 1
                  }
              }
            },
            {
              "weight": 4,
              "item": {
                "id": "the_vault:vault_meat",
                "count": {
                  "type": "uniform",
                  "min": 1,
                  "max": 3
                  }
              }
            }
          ]
        },
        { "weight": 20,
        "pool": [
          {
            "weight": 100,
            "item": {
              "id": "the_vault:living_rock",
              "count": {
                "type": "uniform",
                "min": 4,
                "max": 8
                }
            }
          },
          {
            "weight": 100,
            "item": {
              "id": "the_vault:knowledge_star_essence",
              "count": {
                "type": "uniform",
                "min": 1,
                "max": 2
                }
            }
          },
          {
            "weight": 220,
            "item": {
              "id": "the_vault:vault_meat",
              "count": {
                "type": "uniform",
                "min": 1,
                "max": 2
                }
            }
          }
        ]
        },
        { "weight": 8,
          "pool": [
            {
              "weight": 60,
              "item": {
                "id": "the_vault:living_rock",
                "count": {
                  "type": "uniform",
                  "min": 4,
                  "max": 8
                  }
              }
            },
            {
              "weight": 80,
              "item": {
                "id": "the_vault:knowledge_star_essence",
                "count": {
                  "type": "uniform",
                  "min": 1,
                  "max": 2
                  }
              }
            }
        ]
        },
        { "weight": 2,
          "pool": [
            {
                "weight": 20,
                "item": {
                  "id": "the_vault:knowledge_star_essence",
                  "count": {
                    "type": "uniform",
                    "min": 2,
                    "max": 3
                    }
                }
            },
            {
              "weight": 4,
              "item": {
                "id": "the_vault:mystery_egg",
                "count": {
                  "type": "uniform",
                  "min": 1,
                  "max": 1
                  }
              }
            },
            {
              "weight": 1,
              "item": {
                "id": "the_vault:living_chest_scroll",
                "count": {
                  "type": "uniform",
                  "min": 1,
                  "max": 1
                  }
              }
            }
          ]
        }
      ]
    }
  ]
}