{
  "entries": [
    {
      "roll": {
        "type": "uniform",
        "min": 1,
        "max": 1
      },
      "pool": [

        { "weight": 1,
          "pool": [
            {
              "weight": 16,
              "item": {
                "id": "the_vault:sword",
                "nbt": {
                  "the_vault:gear_roll_type_pool": "rune_boss"
                },
                "count": {
                  "type": "uniform",
                  "min": 1,
                  "max": 1
                  }
              }
            },
            {
              "weight": 16,
              "item": {
                "id": "the_vault:axe",
                "nbt": {
                  "the_vault:gear_roll_type_pool": "rune_boss"
                },
                "count": {
                  "type": "uniform",
                  "min": 1,
                  "max": 1
                  }
              }
            },
            {
              "weight": 16,
              "item": {
                "id": "the_vault:helmet",
                "nbt": {
                  "the_vault:gear_roll_type_pool": "rune_boss"
                },
                "count": {
                  "type": "uniform",
                  "min": 1,
                  "max": 1
                  }
              }
            },
            {
              "weight": 0,
              "item": {
                "id": "the_vault:helmet",
                "nbt": {
                  "the_vault:gear_unique_pool": "the_vault:jester",
                  "the_vault:gear_roll_type": "Unique"
                },
                "count": {
                  "type": "uniform",
                  "min": 1,
                  "max": 1
                  }
              }
            },
            {
              "weight": 16,
              "item": {
                "id": "the_vault:chestplate",
                "nbt": {
                  "the_vault:gear_roll_type_pool": "rune_boss"
                },
                "count": {
                  "type": "uniform",
                  "min": 1,
                  "max": 1
                  }
              }
            },
            {
              "weight": 16,
              "item": {
                "id": "the_vault:leggings",
                "nbt": {
                  "the_vault:gear_roll_type_pool": "rune_boss"
                },
                "count": {
                  "type": "uniform",
                  "min": 1,
                  "max": 1
                  }
              }
            },
            {
              "weight": 16,
              "item": {
                "id": "the_vault:boots",
                "nbt": {
                  "the_vault:gear_roll_type_pool": "rune_boss"
                },
                "count": {
                  "type": "uniform",
                  "min": 1,
                  "max": 1
                  }
              }
            },
            {
              "weight": 16,
              "item": {
                "id": "the_vault:shield",
                "nbt": {
                  "the_vault:gear_roll_type_pool": "rune_boss"
                },
                "count": {
                  "type": "uniform",
                  "min": 1,
                  "max": 1
                  }
              }
            },
            {
              "weight": 16,
              "item": {
                "id": "the_vault:wand",
                "nbt": {
                  "the_vault:gear_roll_type_pool": "rune_boss"
                },
                "count": {
                  "type": "uniform",
                  "min": 1,
                  "max": 1
                  }
              }
            },
            {
              "weight": 16,
              "item": {
                "id": "the_vault:focus",
                "nbt": {
                  "the_vault:gear_roll_type_pool": "rune_boss"
                },
                "count": {
                  "type": "uniform",
                  "min": 1,
                  "max": 1
                  }
              }
            },
            {
              "weight": 64,
              "item": {
                "id": "the_vault:vault_gold",
                "count": {
                  "type": "uniform",
                  "min": 10,
                  "max": 15
                  }
              }
            },
            {
              "weight": 8,
              "item": {
                "id": "the_vault:trinket",
                "count": {
                  "type": "uniform",
                  "min": 1,
                  "max": 1
                  }
              }
            },
            {
              "weight": 6,
              "item": {
                "id": "the_vault:capstone_dungeon_hunter",
                "count": {
                  "type": "uniform",
                  "min": 1,
                  "max": 1
                }
              }
            },
            {
              "weight": 16,
              "item": {
                "id": "the_vault:capstone_pylon_hunter",
                "count": {
                  "type": "uniform",
                  "min": 1,
                  "max": 1
                }
              }
            },
            {
              "weight": 16,
              "item": {
                "id": "the_vault:capstone_vendoor_hunter",
                "count": {
                  "type": "uniform",
                  "min": 1,
                  "max": 1
                }
              }
            },
            {
              "weight": 1,
              "item": {
                "id": "the_vault:capstone_treasure_hunter",
                "count": {
                  "type": "uniform",
                  "min": 1,
                  "max": 1
                }
              }
            },
            {
              "weight": 16,
              "item": {
                "id": "the_vault:inscription",
                "nbt": {
                  "pool": "the_vault:blackmarket"
                },
                "count": {
                  "type": "uniform",
                  "min": 1,
                  "max": 1
                  }
              }
            },
            {
              "weight": 16,
              "item": {
                "id": "the_vault:booster_pack",
                "nbt": {
                  "id": "the_vault:stat_pack"
                },
                "count": {
                  "type": "uniform",
                  "min": 1,
                  "max": 1
                }
              }
            },
            {
              "weight": 6,
              "item": {
                "id": "the_vault:booster_pack",
                "nbt": {
                  "id": "the_vault:arcane_pack"
                },
                "count": {
                  "type": "uniform",
                  "min": 1,
                  "max": 1
                }
              }
            },
            {
              "weight": 1,
              "item": {
                "id": "the_vault:booster_pack",
                "nbt": {
                  "id": "the_vault:mega_arcane_pack"
                },
                "count": {
                  "type": "uniform",
                  "min": 1,
                  "max": 1
                }
              }
            },
            {
              "weight": 4,
              "item": {
                "id": "the_vault:booster_pack",
                "nbt": {
                  "id": "the_vault:mega_stat_pack"
                },
                "count": {
                  "type": "uniform",
                  "min": 1,
                  "max": 1
                }
              }
            },
            {
              "weight": 8,
              "item": {
                "id": "the_vault:booster_pack",
                "nbt": {
                  "id": "the_vault:mix_pack"
                },
                "count": {
                  "type": "uniform",
                  "min": 1,
                  "max": 1
                }
              }
            },
            {
              "weight": 2,
              "item": {
                "id": "the_vault:booster_pack",
                "nbt": {
                  "id": "the_vault:mega_mix_pack"
                },
                "count": {
                  "type": "uniform",
                  "min": 1,
                  "max": 1
                }
              }
            },
            {
              "weight": 8,
              "item": {
                "id": "the_vault:booster_pack",
                "nbt": {
                  "id": "the_vault:resource_pack"
                },
                "count": {
                  "type": "uniform",
                  "min": 1,
                  "max": 1
                }
              }
            },
            {
              "weight": 8,
              "item": {
                "id": "the_vault:booster_pack",
                "nbt": {
                  "id": "the_vault:evolution_pack"
                },
                "count": {
                  "type": "uniform",
                  "min": 1,
                  "max": 1
                }
              }
            },
            {
              "weight": 4,
              "item": {
                "id": "the_vault:booster_pack",
                "nbt": {
                  "id": "the_vault:mega_evolution_pack"
                },
                "count": {
                  "type": "uniform",
                  "min": 1,
                  "max": 1
                }
              }
            },
            {
              "weight": 2,
              "item": {
                "id": "the_vault:cryonic_focus",
                "count": {
                  "type": "uniform",
                  "min": 1,
                  "max": 1
                }
              }
            },
            {
              "weight": 4,
              "item": {
                "id": "the_vault:fundamental_focus",
                "count": {
                  "type": "uniform",
                  "min": 1,
                  "max": 1
                }
              }
            },
            {
              "weight": 1,
              "item": {
                "id": "the_vault:pyretic_focus",
                "count": {
                  "type": "uniform",
                  "min": 1,
                  "max": 1
                }
              }
            }
          ]
        }
      ]
    }
  ]
}