{
  "entries": [
    {
      "roll": {
        "type": "uniform",
        "min": 1,
        "max": 1
      },
      "pool": [
        { "weight": 70,
          "pool": [
            {
              "weight": 100,
              "item": {
                "id": "the_vault:sword",
                "nbt": {
                  "the_vault:is_legendary": "true",
                  "the_vault:gear_roll_type_pool": "gear_treasure"
                  
                },
                "count": {
                  "type": "uniform",
                  "min": 1,
                  "max": 1
                  }
              }
            },
            {
              "weight": 100,
              "item": {
                "id": "the_vault:axe",
                "nbt": {
                  "the_vault:is_legendary": "true",
                  "the_vault:gear_roll_type_pool": "gear_treasure"
                  
                },
                "count": {
                  "type": "uniform",
                  "min": 1,
                  "max": 1
                  }
              }
            },
            {
              "weight": 100,
              "item": {
                "id": "the_vault:helmet",
                "nbt": {
                  "the_vault:is_legendary": "true",
                  "the_vault:gear_roll_type_pool": "gear_treasure"
                  
                },
                "count": {
                  "type": "uniform",
                  "min": 1,
                  "max": 1
                  }
              }
            },
            {
              "weight": 100,
              "item": {
                "id": "the_vault:chestplate",
                "nbt": {
                  "the_vault:is_legendary": "true",
                  "the_vault:gear_roll_type_pool": "gear_treasure"
                  
                },
                "count": {
                  "type": "uniform",
                  "min": 1,
                  "max": 1
                  }
              }
            },
            {
              "weight": 100,
              "item": {
                "id": "the_vault:leggings",
                "nbt": {
                  "the_vault:is_legendary": "true",
                  "the_vault:gear_roll_type_pool": "gear_treasure"
                  
                },
                "count": {
                  "type": "uniform",
                  "min": 1,
                  "max": 1
                  }
              }
            },
            {
              "weight": 100,
              "item": {
                "id": "the_vault:boots",
                "nbt": {
                  "the_vault:is_legendary": "true",
                  "the_vault:gear_roll_type_pool": "gear_treasure"
                  
                },
                "count": {
                  "type": "uniform",
                  "min": 1,
                  "max": 1
                  }
              }
            },
            {
              "weight": 80,
              "item": {
                "id": "the_vault:shield",
                "nbt": {
                  "the_vault:is_legendary": "true",
                  "the_vault:gear_roll_type_pool": "gear_treasure"
                  
                },
                "count": {
                  "type": "uniform",
                  "min": 1,
                  "max": 1
                  }
              }
            },
            {
              "weight": 80,
              "item": {
                "id": "the_vault:wand",
                "nbt": {
                  "the_vault:is_legendary": "true",
                  "the_vault:gear_roll_type_pool": "gear_treasure"
                  
                },
                "count": {
                  "type": "uniform",
                  "min": 1,
                  "max": 1
                  }
              }
            },
            {
              "weight": 80,
              "item": {
                "id": "the_vault:focus",
                "nbt": {
                  "the_vault:is_legendary": "true",
                  "the_vault:gear_roll_type_pool": "gear_treasure"
                  
                },
                "count": {
                  "type": "uniform",
                  "min": 1,
                  "max": 1
                  }
              }
            }
           ]
        }
      ]
    }
  ]
}