{
  "tile_processors": [
    {
      "type": "leveled",
      "levels": [
        {
          "level": 0,
          "type": "weighted_target",
          "target": "ispawner:spawner",
          "output": {
            "ispawner:spawner{ group:horde }": 47,
            "ispawner:spawner{ group:assassin }": 36,
            "ispawner:spawner{ group:tank }": 12,
            "ispawner:spawner{ group:dwellers }": 5
          }
        }
      ]
    },
    {
      "type": "leveled",
      "levels": [
        {
          "level": 0,
          "type": "spawner",
          "target": "ispawner:spawner{group:dwellers}",
          "output": [
            {
              "elements": {
                "the_vault:vault_fighter": 15
              },
              "weight": 1
            }
          ]
        },
        {
          "level": 20,
          "type": "spawner",
          "target": "ispawner:spawner{group:dwellers}",
          "output": [
            {
              "elements": {
                "the_vault:vault_fighter": 15,
                "the_vault:vault_fighter_1": 15
              },
              "weight": 1
            }
          ]
        },
        {
          "level": 40,
          "type": "spawner",
          "target": "ispawner:spawner{group:dwellers}",
          "output": [
            {
              "elements": {
                "the_vault:vault_fighter_1": 15,
                "the_vault:vault_fighter_2": 15
              },
              "weight": 1
            }
          ]
        },
        {
          "level": 60,
          "type": "spawner",
          "target": "ispawner:spawner{group:dwellers}",
          "output": [
            {
              "elements": {
                "the_vault:vault_fighter_2": 15,
                "the_vault:vault_fighter_3": 15
              },
              "weight": 1
            }
          ]
        },
        {
          "level": 80,
          "type": "spawner",
          "target": "ispawner:spawner{group:dwellers}",
          "output": [
            {
              "elements": {
                "the_vault:vault_fighter_3": 15,
                "the_vault:vault_fighter_4": 15
              },
              "weight": 1
            }
          ]
        },
        {
          "level": 100,
          "type": "spawner",
          "target": "ispawner:spawner{group:dwellers}",
          "output": [
            {
              "elements": {
                "the_vault:vault_fighter_4": 15
              },
              "weight": 1
            }
          ]
        }
      ]
    },
    {
      "type": "leveled",
      "levels": [
        {
          "level": 0,
          "type": "spawner",
          "target": "ispawner:spawner{group:tank}",
          "output": [
            {
              "elements": {
                "the_vault:t3_drowned": 10
              },
              "weight": 1
            }
          ]
        },
        {
          "level": 20,
          "type": "spawner",
          "target": "ispawner:spawner{group:tank}",
          "output": [
            {
              "elements": {
                "the_vault:t3_drowned": 11,
                "rottencreatures:dead_beard": 1
              },
              "weight": 1
            }
          ]
        }
      ]
    },
    {
      "type": "leveled",
      "levels": [
        {
          "level": 0,
          "type": "spawner",
          "target": "ispawner:spawner{group:assassin}",
          "output": [
            {
              "elements": {
                "the_vault:skeleton_pirate_t0": 10,
                "the_vault:crab": 10
              },
              "weight": 1
            }
          ]
        },
        {
          "level": 20,
          "type": "spawner",
          "target": "ispawner:spawner{group:assassin}",
          "output": [
            {
              "elements": {
                "the_vault:skeleton_pirate_t0": 5,
                "the_vault:crab": 6,
                "the_vault:skeleton_pirate_t1": 2
              },
              "weight": 1
            }
          ]
        },
        {
          "level": 30,
          "type": "spawner",
          "target": "ispawner:spawner{group:assassin}",
          "output": [
            {
              "elements": {
                "the_vault:skeleton_pirate_t0": 6,
                "the_vault:crab": 8,
                "the_vault:skeleton_pirate_t1": 6
              },
              "weight": 1
            }
          ]
        },
        {
          "level": 40,
          "type": "spawner",
          "target": "ispawner:spawner{group:assassin}",
          "output": [
            {
              "elements": {
                "the_vault:skeleton_pirate_t0": 2,
                "the_vault:crab": 12,
                "the_vault:skeleton_pirate_t1": 12
              },
              "weight": 1
            }
          ]
        },
        {
          "level": 50,
          "type": "spawner",
          "target": "ispawner:spawner{group:assassin}",
          "output": [
            {
              "elements": {
                "the_vault:skeleton_pirate_t1": 8,
                "the_vault:crab": 8,
                "the_vault:skeleton_pirate_t2": 2
              },
              "weight": 1
            }
          ]
        },
        {
          "level": 60,
          "type": "spawner",
          "target": "ispawner:spawner{group:assassin}",
          "output": [
            {
              "elements": {
                "the_vault:skeleton_pirate_t1": 6,
                "the_vault:crab": 8,
                "the_vault:skeleton_pirate_t2": 4
              },
              "weight": 1
            }
          ]
        },
        {
          "level": 65,
          "type": "spawner",
          "target": "ispawner:spawner{group:assassin}",
          "output": [
            {
              "elements": {
                "the_vault:skeleton_pirate_t1": 6,
                "the_vault:crab": 21,
                "the_vault:skeleton_pirate_t2": 14,
                "the_vault:skeleton_pirate_t3": 2
              },
              "weight": 1
            }
          ]
        },
        {
          "level": 70,
          "type": "spawner",
          "target": "ispawner:spawner{group:assassin}",
          "output": [
            {
              "elements": {
                "the_vault:crab": 19,
                "the_vault:skeleton_pirate_t2": 18,
                "the_vault:skeleton_pirate_t3": 2
              },
              "weight": 1
            }
          ]
        },
        {
          "level": 80,
          "type": "spawner",
          "target": "ispawner:spawner{group:assassin}",
          "output": [
            {
              "elements": {
                "the_vault:crab": 19,
                "the_vault:skeleton_pirate_t2": 9,
                "the_vault:skeleton_pirate_t3": 9,
                "the_vault:skeleton_pirate_t4": 1
              },
              "weight": 1
            }
          ]
        },
        {
          "level": 90,
          "type": "spawner",
          "target": "ispawner:spawner{group:assassin}",
          "output": [
            {
              "elements": {
                "the_vault:crab": 19,
                "the_vault:skeleton_pirate_t3": 13,
                "the_vault:skeleton_pirate_t4": 5,
                "the_vault:skeleton_pirate_t5": 1
              },
              "weight": 1
            }
          ]
        },
        {
          "level": 100,
          "type": "spawner",
          "target": "ispawner:spawner{group:assassin}",
          "output": [
            {
              "elements": {
                "the_vault:crab": 19,
                "the_vault:skeleton_pirate_t3": 8,
                "the_vault:skeleton_pirate_t4": 9,
                "the_vault:skeleton_pirate_t5": 3
              },
              "weight": 1
            }
          ]
        }
      ]
    },
    {
      "type": "leveled",
      "levels": [
        {
          "level": 0,
          "type": "spawner",
          "target": "ispawner:spawner{group:horde}",
          "output": [
            {
              "elements": {
                "minecraft:drowned": 12
              },
              "weight": 1
            }
          ]
        },
        {
          "level": 20,
          "type": "spawner",
          "target": "ispawner:spawner{group:horde}",
          "output": [
            {
              "elements": {
                "minecraft:drowned": 20
              },
              "weight": 1
            }
          ]
        },
        {
          "level": 25,
          "type": "spawner",
          "target": "ispawner:spawner{group:horde}",
          "output": [
            {
              "elements": {
                "minecraft:drowned": 30
              },
              "weight": 1
            }
          ]
        },
        {
          "level": 30,
          "type": "spawner",
          "target": "ispawner:spawner{group:horde}",
          "output": [
            {
              "elements": {
                "minecraft:drowned": 30
              },
              "weight": 1
            }
          ]
        },
        {
          "level": 40,
          "type": "spawner",
          "target": "ispawner:spawner{group:horde}",
          "output": [
            {
              "elements": {
                "minecraft:drowned": 40
              },
              "weight": 1
            }
          ]
        },
        {
          "level": 50,
          "type": "spawner",
          "target": "ispawner:spawner{group:horde}",
          "output": [
            {
              "elements": {
                "minecraft:drowned": 38,
                "the_vault:t1_drowned": 4
              },
              "weight": 1
            }
          ]
        },
        {
          "level": 55,
          "type": "spawner",
          "target": "ispawner:spawner{group:horde}",
          "output": [
            {
              "elements": {
                "minecraft:drowned": 30,
                "the_vault:t1_drowned": 15
              },
              "weight": 1
            }
          ]
        },
        {
          "level": 60,
          "type": "spawner",
          "target": "ispawner:spawner{group:horde}",
          "output": [
            {
              "elements": {
                "minecraft:drowned": 24,
                "the_vault:t1_drowned": 64
              },
              "weight": 1
            }
          ]
        },
        {
          "level": 65,
          "type": "spawner",
          "target": "ispawner:spawner{group:horde}",
          "output": [
            {
              "elements": {
                "the_vault:t2_drowned": 8,
                "the_vault:t1_drowned": 64
              },
              "weight": 1
            }
          ]
        },
        {
          "level": 70,
          "type": "spawner",
          "target": "ispawner:spawner{group:horde}",
          "output": [
            {
              "elements": {
                "the_vault:t2_drowned": 30,
                "the_vault:t1_drowned": 60
              },
              "weight": 1
            }
          ]
        },
        {
          "level": 80,
          "type": "spawner",
          "target": "ispawner:spawner{group:horde}",
          "output": [
            {
              "elements": {
                "the_vault:t1_drowned": 40,
                "the_vault:t2_drowned": 40
              },
              "weight": 1
            }
          ]
        },
        {
          "level": 90,
          "type": "spawner",
          "target": "ispawner:spawner{group:horde}",
          "output": [
            {
              "elements": {
                "the_vault:t1_drowned": 15,
                "the_vault:t2_drowned": 60
              },
              "weight": 1
            }
          ]
        }
      ]
    },
    {
      "type": "reference",
      "id": "the_vault:generic/spawners/group_settings"
    },
    
    {
      "type": "leveled",
      "levels": [
        {
          "level": 0,
          "type": "weighted_target",
          "target": "ispawner:spawner{group:tank}",
          "output": {
            "ispawner:spawner{ Manager: { UsesLeft:1, Settings: { Attempts: 1, SpawnDelay: 30 } } }": 1
          }
        },
        {
          "level": 20,
          "type": "weighted_target",
          "target": "ispawner:spawner{group:tank}",
          "output": {
            "ispawner:spawner{ Manager: { UsesLeft:1, Settings: { Attempts: 1, SpawnDelay: 30 } } }": 1,
            "ispawner:spawner{ Manager: { UsesLeft:1, Settings: { Attempts: 2, SpawnDelay: 30 } } }": 1
          }
        },
        {
          "level": 40,
          "type": "weighted_target",
          "target": "ispawner:spawner{group:tank}",
          "output": {
            "ispawner:spawner{ Manager: { UsesLeft:1, Settings: { Attempts: 1, SpawnDelay: 30 } } }": 1,
            "ispawner:spawner{ Manager: { UsesLeft:2, Settings: { Attempts: 1, SpawnDelay: 30 } } }": 1,
            "ispawner:spawner{ Manager: { UsesLeft:1, Settings: { Attempts: 2, SpawnDelay: 30 } } }": 1,
            "ispawner:spawner{ Manager: { UsesLeft:1, Settings: { Attempts: 3, SpawnDelay: 30 } } }": 1
          }
        },
        {
          "level": 60,
          "type": "weighted_target",
          "target": "ispawner:spawner{group:tank}",
          "output": {
            "ispawner:spawner{ Manager: { UsesLeft:2, Settings: { Attempts: 1, SpawnDelay: 30 } } }": 1,
            "ispawner:spawner{ Manager: { UsesLeft:1, Settings: { Attempts: 2, SpawnDelay: 30 } } }": 1,
            "ispawner:spawner{ Manager: { UsesLeft:1, Settings: { Attempts: 3, SpawnDelay: 30 } } }": 1
          }
        },
        {
          "level": 80,
          "type": "weighted_target",
          "target": "ispawner:spawner{group:tank}",
          "output": {
            "ispawner:spawner{ Manager: { UsesLeft:2, Settings: { Attempts: 1, SpawnDelay: 30 } } }": 1,
            "ispawner:spawner{ Manager: { UsesLeft:1, Settings: { Attempts: 2, SpawnDelay: 30 } } }": 1,
            "ispawner:spawner{ Manager: { UsesLeft:1, Settings: { Attempts: 3, SpawnDelay: 30 } } }": 1
          }
        },
        {
          "level": 100,
          "type": "weighted_target",
          "target": "ispawner:spawner{group:tank}",
          "output": {
            "ispawner:spawner{ Manager: { UsesLeft:2, Settings: { Attempts: 1, SpawnDelay: 30 } } }": 1,
            "ispawner:spawner{ Manager: { UsesLeft:1, Settings: { Attempts: 2, SpawnDelay: 30 } } }": 1,
            "ispawner:spawner{ Manager: { UsesLeft:1, Settings: { Attempts: 3, SpawnDelay: 30 } } }": 1
          }
        }
      ]
    },
    {
      "type": "leveled",
      "levels": [
        {
          "level": 0,
          "type": "weighted_target",
          "target": "ispawner:spawner{group:horde}",
          "output": {
            "ispawner:spawner{ Manager: { UsesLeft:1, Settings: { Attempts: 3, SpawnDelay: 30 } } }": 1,
            "ispawner:spawner{ Manager: { UsesLeft:1, Settings: { Attempts: 4, SpawnDelay: 30 } } }": 1,
            "ispawner:spawner{ Manager: { UsesLeft:1, Settings: { Attempts: 5, SpawnDelay: 30 } } }": 1
          }
        },
        {
          "level": 20,
          "type": "weighted_target",
          "target": "ispawner:spawner{group:horde}",
          "output": {
            "ispawner:spawner{ Manager: { UsesLeft:1, Settings: { Attempts: 5, SpawnDelay: 30 } } }": 1,
            "ispawner:spawner{ Manager: { UsesLeft:1, Settings: { Attempts: 6, SpawnDelay: 30 } } }": 1,
            "ispawner:spawner{ Manager: { UsesLeft:1, Settings: { Attempts: 8, SpawnDelay: 30 } } }": 1,
            "ispawner:spawner{ Manager: { UsesLeft:2, Settings: { Attempts: 4, SpawnDelay: 30 } } }": 1
          }
        },
        {
          "level": 40,
          "type": "weighted_target",
          "target": "ispawner:spawner{group:horde}",
          "output": {
            "ispawner:spawner{ Manager: { UsesLeft:1, Settings: { Attempts: 8, SpawnDelay: 30 } } }": 1,
            "ispawner:spawner{ Manager: { UsesLeft:1, Settings: { Attempts: 10, SpawnDelay: 30 } } }": 1,
            "ispawner:spawner{ Manager: { UsesLeft:2, Settings: { Attempts: 6, SpawnDelay: 30 } } }": 1
          }
        },
        {
          "level": 60,
          "type": "weighted_target",
          "target": "ispawner:spawner{group:horde}",
          "output": {
            "ispawner:spawner{ Manager: { UsesLeft:1, Settings: { Attempts: 12, SpawnDelay: 30 } } }": 1,
            "ispawner:spawner{ Manager: { UsesLeft:2, Settings: { Attempts: 6, SpawnDelay: 30 } } }": 1,
            "ispawner:spawner{ Manager: { UsesLeft:2, Settings: { Attempts: 7, SpawnDelay: 30 } } }": 1,
            "ispawner:spawner{ Manager: { UsesLeft:2, Settings: { Attempts: 8, SpawnDelay: 30 } } }": 1
          }
        },
        {
          "level": 80,
          "type": "weighted_target",
          "target": "ispawner:spawner{group:horde}",
          "output": {
            "ispawner:spawner{ Manager: { UsesLeft:2, Settings: { Attempts: 7, SpawnDelay: 30 } } }": 1,
            "ispawner:spawner{ Manager: { UsesLeft:2, Settings: { Attempts: 9, SpawnDelay: 30 } } }": 1
          }
        },
        {
          "level": 100,
          "type": "weighted_target",
          "target": "ispawner:spawner{group:horde}",
          "output": {
            "ispawner:spawner{ Manager: { UsesLeft:2, Settings: { Attempts: 8, SpawnDelay: 30 } } }": 1,
            "ispawner:spawner{ Manager: { UsesLeft:2, Settings: { Attempts: 9, SpawnDelay: 30 } } }": 1,
            "ispawner:spawner{ Manager: { UsesLeft:2, Settings: { Attempts: 10, SpawnDelay: 30 } } }": 1
          }
        }
      ]
    },
    {
      "type": "leveled",
      "levels": [
        {
          "level": 0,
          "type": "weighted_target",
          "target": "ispawner:spawner{group:assassin}",
          "output": {
            "ispawner:spawner{ Manager: { UsesLeft:1, Settings: { Attempts: 3, SpawnDelay: 30 } } }": 1,
            "ispawner:spawner{ Manager: { UsesLeft:1, Settings: { Attempts: 4, SpawnDelay: 30 } } }": 1
          }
        },
        {
          "level": 20,
          "type": "weighted_target",
          "target": "ispawner:spawner{group:assassin}",
          "output": {
            "ispawner:spawner{ Manager: { UsesLeft:1, Settings: { Attempts: 3, SpawnDelay: 30 } } }": 1,
            "ispawner:spawner{ Manager: { UsesLeft:2, Settings: { Attempts: 2, SpawnDelay: 30 } } }": 1,
            "ispawner:spawner{ Manager: { UsesLeft:1, Settings: { Attempts: 5, SpawnDelay: 30 } } }": 1
          }
        },
        {
          "level": 40,
          "type": "weighted_target",
          "target": "ispawner:spawner{group:assassin}",
          "output": {
            "ispawner:spawner{ Manager: { UsesLeft:1, Settings: { Attempts: 4, SpawnDelay: 30 } } }": 1,
            "ispawner:spawner{ Manager: { UsesLeft:1, Settings: { Attempts: 5, SpawnDelay: 30 } } }": 1,
            "ispawner:spawner{ Manager: { UsesLeft:2, Settings: { Attempts: 3, SpawnDelay: 30 } } }": 1
          }
        },
        {
          "level": 60,
          "type": "weighted_target",
          "target": "ispawner:spawner{group:assassin}",
          "output": {
            "ispawner:spawner{ Manager: { UsesLeft:1, Settings: { Attempts: 4, SpawnDelay: 30 } } }": 1,
            "ispawner:spawner{ Manager: { UsesLeft:1, Settings: { Attempts: 5, SpawnDelay: 30 } } }": 1,
            "ispawner:spawner{ Manager: { UsesLeft:1, Settings: { Attempts: 6, SpawnDelay: 30 } } }": 1,
            "ispawner:spawner{ Manager: { UsesLeft:2, Settings: { Attempts: 3, SpawnDelay: 30 } } }": 1
          }
        },
        {
          "level": 80,
          "type": "weighted_target",
          "target": "ispawner:spawner{group:assassin}",
          "output": {
            "ispawner:spawner{ Manager: { UsesLeft:1, Settings: { Attempts: 4, SpawnDelay: 30 } } }": 1,
            "ispawner:spawner{ Manager: { UsesLeft:1, Settings: { Attempts: 5, SpawnDelay: 30 } } }": 1,
            "ispawner:spawner{ Manager: { UsesLeft:1, Settings: { Attempts: 6, SpawnDelay: 30 } } }": 1,
            "ispawner:spawner{ Manager: { UsesLeft:2, Settings: { Attempts: 3, SpawnDelay: 30 } } }": 1
          }
        },
        {
          "level": 100,
          "type": "weighted_target",
          "target": "ispawner:spawner{group:assassin}",
          "output": {
            "ispawner:spawner{ Manager: { UsesLeft:1, Settings: { Attempts: 4, SpawnDelay: 30 } } }": 1,
            "ispawner:spawner{ Manager: { UsesLeft:1, Settings: { Attempts: 5, SpawnDelay: 30 } } }": 1,
            "ispawner:spawner{ Manager: { UsesLeft:1, Settings: { Attempts: 6, SpawnDelay: 30 } } }": 1,
            "ispawner:spawner{ Manager: { UsesLeft:2, Settings: { Attempts: 3, SpawnDelay: 30 } } }": 1,
            "ispawner:spawner{ Manager: { UsesLeft:2, Settings: { Attempts: 4, SpawnDelay: 30 } } }": 1
          }
        }
      ]
    }
  ]
}