{
  "tile_processors": [
    {
      "type": "leveled",
      "levels": [
        {
          "level": 0,
          "type": "weighted_target",
          "target": "ispawner:spawner",
          "output": {
            "ispawner:spawner{ group:horde }": 59,
            "ispawner:spawner{ group:assassin }": 28,
            "ispawner:spawner{ group:tank }": 8,
            "ispawner:spawner{ group:dwellers }": 5
          }
        }
      ]
    },
    {
      "type": "leveled",
      "levels": [
        {
          "level": 0,
          "type": "spawner",
          "target": "ispawner:spawner{group:dwellers}",
          "output": [
            {
              "elements": {
                "the_vault:vault_fighter": 15
              },
              "weight": 1
            }
          ]
        },
        {
          "level": 20,
          "type": "spawner",
          "target": "ispawner:spawner{group:dwellers}",
          "output": [
            {
              "elements": {
                "the_vault:vault_fighter": 15,
                "the_vault:vault_fighter_1": 15
              },
              "weight": 1
            }
          ]
        },
        {
          "level": 40,
          "type": "spawner",
          "target": "ispawner:spawner{group:dwellers}",
          "output": [
            {
              "elements": {
                "the_vault:vault_fighter_1": 15,
                "the_vault:vault_fighter_2": 15
              },
              "weight": 1
            }
          ]
        },
        {
          "level": 60,
          "type": "spawner",
          "target": "ispawner:spawner{group:dwellers}",
          "output": [
            {
              "elements": {
                "the_vault:vault_fighter_2": 15,
                "the_vault:vault_fighter_3": 15
              },
              "weight": 1
            }
          ]
        },
        {
          "level": 80,
          "type": "spawner",
          "target": "ispawner:spawner{group:dwellers}",
          "output": [
            {
              "elements": {
                "the_vault:vault_fighter_3": 15,
                "the_vault:vault_fighter_4": 15
              },
              "weight": 1
            }
          ]
        },
        {
          "level": 100,
          "type": "spawner",
          "target": "ispawner:spawner{group:dwellers}",
          "output": [
            {
              "elements": {
                "the_vault:vault_fighter_4": 15
              },
              "weight": 1
            }
          ]
        }
      ]
    },
    {
      "type": "leveled",
      "levels": [
        {
          "level": 0,
          "type": "spawner",
          "target": "ispawner:spawner{group:tank}",
          "output": [
            {
              "elements": {
                "the_vault:shiver": 4
              },
              "weight": 1
            }
          ]
        },
        {
          "level": 65,
          "type": "spawner",
          "target": "ispawner:spawner{group:tank}",
          "output": [
            {
              "elements": {
                "the_vault:shiver": 11,
                "rottencreatures:glacial_hunter": 1
              },
              "weight": 1
            }
          ]
        }
      ]
    },
    {
      "type": "leveled",
      "levels": [
        {
          "level": 0,
          "type": "spawner",
          "target": "ispawner:spawner{group:assassin}",
          "output": [
            {
              "elements": {
                "minecraft:stray": 6
              },
              "weight": 1
            }
          ]
        },
        {
          "level": 20,
          "type": "spawner",
          "target": "ispawner:spawner{group:assassin}",
          "output": [
            {
              "elements": {
                "minecraft:stray": 10,
                "the_vault:t1_stray": 4
              },
              "weight": 1
            }
          ]
        },
        {
          "level": 30,
          "type": "spawner",
          "target": "ispawner:spawner{group:assassin}",
          "output": [
            {
              "elements": {
                "minecraft:stray": 6,
                "the_vault:t1_stray": 6
              },
              "weight": 1
            }
          ]
        },
        {
          "level": 40,
          "type": "spawner",
          "target": "ispawner:spawner{group:assassin}",
          "output": [
            {
              "elements": {
                "minecraft:stray": 1,
                "the_vault:t1_stray": 8
              },
              "weight": 1
            }
          ]
        },
        {
          "level": 50,
          "type": "spawner",
          "target": "ispawner:spawner{group:assassin}",
          "output": [
            {
              "elements": {
                "the_vault:t1_stray": 9,
                "the_vault:t2_stray": 4
              },
              "weight": 1
            }
          ]
        },
        {
          "level": 60,
          "type": "spawner",
          "target": "ispawner:spawner{group:assassin}",
          "output": [
            {
              "elements": {
                "the_vault:t1_stray": 6,
                "the_vault:t2_stray": 6
              },
              "weight": 1
            }
          ]
        },
        {
          "level": 65,
          "type": "spawner",
          "target": "ispawner:spawner{group:assassin}",
          "output": [
            {
              "elements": {
                "the_vault:t3_stray": 1,
                "the_vault:t2_stray": 10
              },
              "weight": 1
            }
          ]
        },
        {
          "level": 70,
          "type": "spawner",
          "target": "ispawner:spawner{group:assassin}",
          "output": [
            {
              "elements": {
                "the_vault:t3_stray": 1,
                "the_vault:t2_stray": 9
              },
              "weight": 1
            }
          ]
        },
        {
          "level": 80,
          "type": "spawner",
          "target": "ispawner:spawner{group:assassin}",
          "output": [
            {
              "elements": {
                "the_vault:t3_stray": 1,
                "the_vault:t2_stray": 8
              },
              "weight": 1
            }
          ]
        },
        {
          "level": 90,
          "type": "spawner",
          "target": "ispawner:spawner{group:assassin}",
          "output": [
            {
              "elements": {
                "the_vault:t3_stray": 2,
                "the_vault:t2_stray": 7
              },
              "weight": 1
            }
          ]
        },
        {
          "level": 100,
          "type": "spawner",
          "target": "ispawner:spawner{group:assassin}",
          "output": [
            {
              "elements": {
                "the_vault:t3_stray": 6,
                "the_vault:t2_stray": 12
              },
              "weight": 1
            }
          ]
        }
      ]
    },
    {
      "type": "leveled",
      "levels": [
        {
          "level": 0,
          "type": "spawner",
          "target": "ispawner:spawner{group:horde}",
          "output": [
            {
              "elements": {
                "the_vault:winterwalker_t0": 64
              },
              "weight": 1
            }
          ]
        },
        {
          "level": 20,
          "type": "spawner",
          "target": "ispawner:spawner{group:horde}",
          "output": [
            {
              "elements": {
                "the_vault:winterwalker_t0": 64
              },
              "weight": 1
            }
          ]
        },
        {
          "level": 25,
          "type": "spawner",
          "target": "ispawner:spawner{group:horde}",
          "output": [
            {
              "elements": {
                "the_vault:winterwalker_t0": 64
              },
              "weight": 1
            }
          ]
        },
        {
          "level": 30,
          "type": "spawner",
          "target": "ispawner:spawner{group:horde}",
          "output": [
            {
              "elements": {
                "the_vault:winterwalker_t0": 64
              },
              "weight": 1
            }
          ]
        },
        {
          "level": 40,
          "type": "spawner",
          "target": "ispawner:spawner{group:horde}",
          "output": [
            {
              "elements": {
                "the_vault:winterwalker_t0": 64
              },
              "weight": 1
            }
          ]
        },
        {
          "level": 50,
          "type": "spawner",
          "target": "ispawner:spawner{group:horde}",
          "output": [
            {
              "elements": {
                "the_vault:winterwalker_t0": 38,
                "the_vault:winterwalker_t1": 4
              },
              "weight": 1
            }
          ]
        },
        {
          "level": 55,
          "type": "spawner",
          "target": "ispawner:spawner{group:horde}",
          "output": [
            {
              "elements": {
                "the_vault:winterwalker_t0": 30,
                "the_vault:winterwalker_t1": 15
              },
              "weight": 1
            }
          ]
        },
        {
          "level": 60,
          "type": "spawner",
          "target": "ispawner:spawner{group:horde}",
          "output": [
            {
              "elements": {
                "the_vault:winterwalker_t0": 12,
                "the_vault:winterwalker_t1": 34
              },
              "weight": 1
            }
          ]
        },
        {
          "level": 65,
          "type": "spawner",
          "target": "ispawner:spawner{group:horde}",
          "output": [
            {
              "elements": {
                "the_vault:winterwalker_t2": 4,
                "the_vault:winterwalker_t1": 38
              },
              "weight": 1
            }
          ]
        },
        {
          "level": 70,
          "type": "spawner",
          "target": "ispawner:spawner{group:horde}",
          "output": [
            {
              "elements": {
                "the_vault:winterwalker_t2": 15,
                "the_vault:winterwalker_t1": 30
              },
              "weight": 1
            }
          ]
        },
        {
          "level": 80,
          "type": "spawner",
          "target": "ispawner:spawner{group:horde}",
          "output": [
            {
              "elements": {
                "the_vault:winterwalker_t1": 20,
                "the_vault:winterwalker_t2": 20,
                "the_vault:winterwalker_t3": 10
              },
              "weight": 1
            }
          ]
        },
        {
          "level": 90,
          "type": "spawner",
          "target": "ispawner:spawner{group:horde}",
          "output": [
            {
              "elements": {
                "the_vault:winterwalker_t4": 10,
                "the_vault:winterwalker_t2": 40,
                "the_vault:winterwalker_t3": 40
              },
              "weight": 1
            }
          ]
        }
      ]
    },
    {
      "type": "reference",
      "id": "the_vault:generic/spawners/group_settings"
    },
    
    {
      "type": "leveled",
      "levels": [
        {
          "level": 0,
          "type": "weighted_target",
          "target": "ispawner:spawner{group:tank}",
          "output": {
            "ispawner:spawner{ Manager: { UsesLeft:1, Settings: { Attempts: 1, SpawnDelay: 30 } } }": 1
          }
        },
        {
          "level": 20,
          "type": "weighted_target",
          "target": "ispawner:spawner{group:tank}",
          "output": {
            "ispawner:spawner{ Manager: { UsesLeft:1, Settings: { Attempts: 1, SpawnDelay: 30 } } }": 1,
            "ispawner:spawner{ Manager: { UsesLeft:1, Settings: { Attempts: 2, SpawnDelay: 30 } } }": 1
          }
        },
        {
          "level": 40,
          "type": "weighted_target",
          "target": "ispawner:spawner{group:tank}",
          "output": {
            "ispawner:spawner{ Manager: { UsesLeft:1, Settings: { Attempts: 1, SpawnDelay: 30 } } }": 1,
            "ispawner:spawner{ Manager: { UsesLeft:1, Settings: { Attempts: 2, SpawnDelay: 30 } } }": 1
          }
        },
        {
          "level": 60,
          "type": "weighted_target",
          "target": "ispawner:spawner{group:tank}",
          "output": {
            "ispawner:spawner{ Manager: { UsesLeft:1, Settings: { Attempts: 1, SpawnDelay: 30 } } }": 1,
            "ispawner:spawner{ Manager: { UsesLeft:1, Settings: { Attempts: 2, SpawnDelay: 30 } } }": 1
          }
        },
        {
          "level": 80,
          "type": "weighted_target",
          "target": "ispawner:spawner{group:tank}",
          "output": {
            "ispawner:spawner{ Manager: { UsesLeft:1, Settings: { Attempts: 1, SpawnDelay: 30 } } }": 1,
            "ispawner:spawner{ Manager: { UsesLeft:1, Settings: { Attempts: 2, SpawnDelay: 30 } } }": 1
          }
        },
        {
          "level": 100,
          "type": "weighted_target",
          "target": "ispawner:spawner{group:tank}",
          "output": {
            "ispawner:spawner{ Manager: { UsesLeft:1, Settings: { Attempts: 1, SpawnDelay: 30 } } }": 1,
            "ispawner:spawner{ Manager: { UsesLeft:1, Settings: { Attempts: 2, SpawnDelay: 30 } } }": 1
          }
        }
      ]
    },

    {
      "type": "leveled",
      "levels": [
        {
          "level": 0,
          "type": "weighted_target",
          "target": "ispawner:spawner{group:horde}",
          "output": {
            "ispawner:spawner{ Manager: { UsesLeft:1, Settings: { Attempts: 3, SpawnDelay: 30 } } }": 1,
            "ispawner:spawner{ Manager: { UsesLeft:1, Settings: { Attempts: 4, SpawnDelay: 30 } } }": 1,
            "ispawner:spawner{ Manager: { UsesLeft:1, Settings: { Attempts: 5, SpawnDelay: 30 } } }": 1
          }
        },
        {
          "level": 20,
          "type": "weighted_target",
          "target": "ispawner:spawner{group:horde}",
          "output": {
            "ispawner:spawner{ Manager: { UsesLeft:1, Settings: { Attempts: 5, SpawnDelay: 30 } } }": 1,
            "ispawner:spawner{ Manager: { UsesLeft:1, Settings: { Attempts: 6, SpawnDelay: 30 } } }": 1,
            "ispawner:spawner{ Manager: { UsesLeft:1, Settings: { Attempts: 8, SpawnDelay: 30 } } }": 1,
            "ispawner:spawner{ Manager: { UsesLeft:2, Settings: { Attempts: 4, SpawnDelay: 30 } } }": 1
          }
        },
        {
          "level": 40,
          "type": "weighted_target",
          "target": "ispawner:spawner{group:horde}",
          "output": {
            "ispawner:spawner{ Manager: { UsesLeft:1, Settings: { Attempts: 8, SpawnDelay: 30 } } }": 1,
            "ispawner:spawner{ Manager: { UsesLeft:1, Settings: { Attempts: 10, SpawnDelay: 30 } } }": 1,
            "ispawner:spawner{ Manager: { UsesLeft:2, Settings: { Attempts: 6, SpawnDelay: 30 } } }": 1
          }
        },
        {
          "level": 60,
          "type": "weighted_target",
          "target": "ispawner:spawner{group:horde}",
          "output": {
            "ispawner:spawner{ Manager: { UsesLeft:1, Settings: { Attempts: 12, SpawnDelay: 30 } } }": 1,
            "ispawner:spawner{ Manager: { UsesLeft:2, Settings: { Attempts: 6, SpawnDelay: 30 } } }": 1,
            "ispawner:spawner{ Manager: { UsesLeft:2, Settings: { Attempts: 7, SpawnDelay: 30 } } }": 1,
            "ispawner:spawner{ Manager: { UsesLeft:2, Settings: { Attempts: 8, SpawnDelay: 30 } } }": 1
          }
        },
        {
          "level": 80,
          "type": "weighted_target",
          "target": "ispawner:spawner{group:horde}",
          "output": {
            "ispawner:spawner{ Manager: { UsesLeft:2, Settings: { Attempts: 7, SpawnDelay: 30 } } }": 1,
            "ispawner:spawner{ Manager: { UsesLeft:2, Settings: { Attempts: 9, SpawnDelay: 30 } } }": 1
          }
        },
        {
          "level": 100,
          "type": "weighted_target",
          "target": "ispawner:spawner{group:horde}",
          "output": {
            "ispawner:spawner{ Manager: { UsesLeft:2, Settings: { Attempts: 8, SpawnDelay: 30 } } }": 1,
            "ispawner:spawner{ Manager: { UsesLeft:2, Settings: { Attempts: 9, SpawnDelay: 30 } } }": 1,
            "ispawner:spawner{ Manager: { UsesLeft:2, Settings: { Attempts: 10, SpawnDelay: 30 } } }": 1
          }
        }
      ]
    },

    {
      "type": "leveled",
      "levels": [
        {
          "level": 0,
          "type": "weighted_target",
          "target": "ispawner:spawner{group:assassin}",
          "output": {
            "ispawner:spawner{ Manager: { UsesLeft:1, Settings: { Attempts: 2, SpawnDelay: 30 } } }": 1,
            "ispawner:spawner{ Manager: { UsesLeft:1, Settings: { Attempts: 3, SpawnDelay: 30 } } }": 1
          }
        },
        {
          "level": 20,
          "type": "weighted_target",
          "target": "ispawner:spawner{group:assassin}",
          "output": {
            "ispawner:spawner{ Manager: { UsesLeft:1, Settings: { Attempts: 3, SpawnDelay: 30 } } }": 1
          }
        },
        {
          "level": 40,
          "type": "weighted_target",
          "target": "ispawner:spawner{group:assassin}",
          "output": {
            "ispawner:spawner{ Manager: { UsesLeft:1, Settings: { Attempts: 3, SpawnDelay: 30 } } }": 1,
            "ispawner:spawner{ Manager: { UsesLeft:1, Settings: { Attempts: 4, SpawnDelay: 30 } } }": 1
          }
        },
        {
          "level": 60,
          "type": "weighted_target",
          "target": "ispawner:spawner{group:assassin}",
          "output": {
            "ispawner:spawner{ Manager: { UsesLeft:1, Settings: { Attempts: 4, SpawnDelay: 30 } } }": 1,
            "ispawner:spawner{ Manager: { UsesLeft:1, Settings: { Attempts: 5, SpawnDelay: 30 } } }": 1
          }
        },
        {
          "level": 80,
          "type": "weighted_target",
          "target": "ispawner:spawner{group:assassin}",
          "output": {
            "ispawner:spawner{ Manager: { UsesLeft:1, Settings: { Attempts: 4, SpawnDelay: 30 } } }": 1,
            "ispawner:spawner{ Manager: { UsesLeft:1, Settings: { Attempts: 5, SpawnDelay: 30 } } }": 1,
            "ispawner:spawner{ Manager: { UsesLeft:1, Settings: { Attempts: 6, SpawnDelay: 30 } } }": 1
          }
        },
        {
          "level": 100,
          "type": "weighted_target",
          "target": "ispawner:spawner{group:assassin}",
          "output": {
            "ispawner:spawner{ Manager: { UsesLeft:1, Settings: { Attempts: 5, SpawnDelay: 30 } } }": 1,
            "ispawner:spawner{ Manager: { UsesLeft:1, Settings: { Attempts: 6, SpawnDelay: 30 } } }": 1
          }
        }
      ]
    }
  ]
}