{
  "tile_processors": [
    {
      "type": "leveled",
      "levels": [
        {
          "level": 0,
          "type": "weighted_target",
          "target": "ispawner:spawner",
          "output": {
            "ispawner:spawner{ group:horde }": 55,
            "ispawner:spawner{ group:assassin }": 32,
            "ispawner:spawner{ group:tank }": 8,
            "ispawner:spawner{ group:dwellers }": 5
          }
        }
      ]
    },
    {
      "type": "leveled",
      "levels": [
        {
          "level": 0,
          "type": "spawner",
          "target": "ispawner:spawner{group:dwellers}",
          "output": [
            {
              "elements": {
                "the_vault:vault_fighter": 15
              },
              "weight": 1
            }
          ]
        },
        {
          "level": 20,
          "type": "spawner",
          "target": "ispawner:spawner{group:dwellers}",
          "output": [
            {
              "elements": {
                "the_vault:vault_fighter": 15,
                "the_vault:vault_fighter_1": 15
              },
              "weight": 1
            }
          ]
        },
        {
          "level": 40,
          "type": "spawner",
          "target": "ispawner:spawner{group:dwellers}",
          "output": [
            {
              "elements": {
                "the_vault:vault_fighter_1": 15,
                "the_vault:vault_fighter_2": 15
              },
              "weight": 1
            }
          ]
        },
        {
          "level": 60,
          "type": "spawner",
          "target": "ispawner:spawner{group:dwellers}",
          "output": [
            {
              "elements": {
                "the_vault:vault_fighter_2": 15,
                "the_vault:vault_fighter_3": 15
              },
              "weight": 1
            }
          ]
        },
        {
          "level": 80,
          "type": "spawner",
          "target": "ispawner:spawner{group:dwellers}",
          "output": [
            {
              "elements": {
                "the_vault:vault_fighter_3": 15,
                "the_vault:vault_fighter_4": 15
              },
              "weight": 1
            }
          ]
        },
        {
          "level": 100,
          "type": "spawner",
          "target": "ispawner:spawner{group:dwellers}",
          "output": [
            {
              "elements": {
                "the_vault:vault_fighter_4": 15
              },
              "weight": 1
            }
          ]
        }
      ]
    },
    {
      "type": "leveled",
      "levels": [
        {
          "level": 0,
          "type": "spawner",
          "target": "ispawner:spawner{group:tank}",
          "output": [
            {
              "elements": {
                "minecraft:piglin_brute": 10
              },
              "weight": 1
            }
          ]
        },
        {
          "level": 65,
          "type": "spawner",
          "target": "ispawner:spawner{group:tank}",
          "output": [
            {
              "elements": {
                "minecraft:piglin_brute": 18
              },
              "weight": 1
            }
          ]
        }
      ]
    },
    {
      "type": "leveled",
      "levels": [
        {
          "level": 0,
          "type": "spawner",
          "target": "ispawner:spawner{group:assassin}",
          "output": [
            {
              "elements": {
                "minecraft:wither_skeleton": 4,
                "minecraft:magma_cube": 2,
                "the_vault:vault_fighter": 8
              },
              "weight": 1
            }
          ]
        },
        {
          "level": 30,
          "type": "spawner",
          "target": "ispawner:spawner{group:assassin}",
          "output": [
            {
              "elements": {
                "minecraft:wither_skeleton": 2,
                "minecraft:magma_cube": 2,
                "the_vault:t1_wither_skeleton": 2
              },
              "weight": 1
            }
          ]
        },
        {
          "level": 40,
          "type": "spawner",
          "target": "ispawner:spawner{group:assassin}",
          "output": [
            {
              "elements": {
                "minecraft:wither_skeleton": 1,
                "minecraft:magma_cube": 2,
                "the_vault:t1_wither_skeleton": 3
              },
              "weight": 1
            }
          ]
        },
        {
          "level": 50,
          "type": "spawner",
          "target": "ispawner:spawner{group:assassin}",
          "output": [
            {
              "elements": {
                "the_vault:t1_wither_skeleton": 3,
                "minecraft:magma_cube": 2,
                "the_vault:t2_wither_skeleton": 1
              },
              "weight": 1
            }
          ]
        },
        {
          "level": 60,
          "type": "spawner",
          "target": "ispawner:spawner{group:assassin}",
          "output": [
            {
              "elements": {
                "the_vault:t1_wither_skeleton": 2,
                "minecraft:magma_cube": 2,
                "the_vault:t2_wither_skeleton": 2
              },
              "weight": 1
            }
          ]
        },
        {
          "level": 65,
          "type": "spawner",
          "target": "ispawner:spawner{group:assassin}",
          "output": [
            {
              "elements": {
                "the_vault:t3_wither_skeleton": 1,
                "the_vault:t2_wither_skeleton": 3,
                "minecraft:magma_cube": 2
              },
              "weight": 1
            }
          ]
        },
        {
          "level": 70,
          "type": "spawner",
          "target": "ispawner:spawner{group:assassin}",
          "output": [
            {
              "elements": {
                "the_vault:t3_wither_skeleton": 1,
                "the_vault:t2_wither_skeleton": 3,
                "minecraft:magma_cube": 2
              },
              "weight": 1
            }
          ]
        },
        {
          "level": 80,
          "type": "spawner",
          "target": "ispawner:spawner{group:assassin}",
          "output": [
            {
              "elements": {
                "the_vault:t3_wither_skeleton": 1,
                "the_vault:t2_wither_skeleton": 3,
                "minecraft:magma_cube": 2
              },
              "weight": 1
            }
          ]
        },
        {
          "level": 90,
          "type": "spawner",
          "target": "ispawner:spawner{group:assassin}",
          "output": [
            {
              "elements": {
                "the_vault:t3_wither_skeleton": 1,
                "the_vault:t2_wither_skeleton": 3,
                "minecraft:magma_cube": 2
              },
              "weight": 1
            }
          ]
        },
        {
          "level": 100,
          "type": "spawner",
          "target": "ispawner:spawner{group:assassin}",
          "output": [
            {
              "elements": {
                "the_vault:t3_wither_skeleton": 1,
                "the_vault:t2_wither_skeleton": 3,
                "minecraft:magma_cube": 2,
                "the_vault:t3_piglin": 1
              },
              "weight": 1
            }
          ]
        }
      ]
    },
    {
      "type": "leveled",
      "levels": [
        {
          "level": 0,
          "type": "spawner",
          "target": "ispawner:spawner{group:horde}",
          "output": [
            {
              "elements": {
                "minecraft:piglin": 64
              },
              "weight": 1
            }
          ]
        },
        {
          "level": 20,
          "type": "spawner",
          "target": "ispawner:spawner{group:horde}",
          "output": [
            {
              "elements": {
                "minecraft:piglin": 64
              },
              "weight": 1
            }
          ]
        },
        {
          "level": 25,
          "type": "spawner",
          "target": "ispawner:spawner{group:horde}",
          "output": [
            {
              "elements": {
                "minecraft:piglin": 64
              },
              "weight": 1
            }
          ]
        },
        {
          "level": 30,
          "type": "spawner",
          "target": "ispawner:spawner{group:horde}",
          "output": [
            {
              "elements": {
                "minecraft:piglin": 64
              },
              "weight": 1
            }
          ]
        },
        {
          "level": 40,
          "type": "spawner",
          "target": "ispawner:spawner{group:horde}",
          "output": [
            {
              "elements": {
                "minecraft:piglin": 64
              },
              "weight": 1
            }
          ]
        },
        {
          "level": 50,
          "type": "spawner",
          "target": "ispawner:spawner{group:horde}",
          "output": [
            {
              "elements": {
                "minecraft:piglin": 38,
                "the_vault:t1_piglin": 4
              },
              "weight": 1
            }
          ]
        },
        {
          "level": 55,
          "type": "spawner",
          "target": "ispawner:spawner{group:horde}",
          "output": [
            {
              "elements": {
                "minecraft:piglin": 30,
                "the_vault:t1_piglin": 15
              },
              "weight": 1
            }
          ]
        },
        {
          "level": 60,
          "type": "spawner",
          "target": "ispawner:spawner{group:horde}",
          "output": [
            {
              "elements": {
                "minecraft:piglin": 12,
                "the_vault:t1_piglin": 34
              },
              "weight": 1
            }
          ]
        },
        {
          "level": 65,
          "type": "spawner",
          "target": "ispawner:spawner{group:horde}",
          "output": [
            {
              "elements": {
                "the_vault:t2_piglin": 4,
                "the_vault:t1_piglin": 38
              },
              "weight": 1
            }
          ]
        },
        {
          "level": 70,
          "type": "spawner",
          "target": "ispawner:spawner{group:horde}",
          "output": [
            {
              "elements": {
                "the_vault:t2_piglin": 15,
                "the_vault:t1_piglin": 30
              },
              "weight": 1
            }
          ]
        },
        {
          "level": 80,
          "type": "spawner",
          "target": "ispawner:spawner{group:horde}",
          "output": [
            {
              "elements": {
                "the_vault:t1_piglin": 30,
                "the_vault:t2_piglin": 30
              },
              "weight": 1
            }
          ]
        },
        {
          "level": 90,
          "type": "spawner",
          "target": "ispawner:spawner{group:horde}",
          "output": [
            {
              "elements": {
                "the_vault:t1_piglin": 15,
                "the_vault:t2_piglin": 60
              },
              "weight": 1
            }
          ]
        }
      ]
    },
    {
      "type": "reference",
      "id": "the_vault:generic/spawners/group_settings"
    },
    {
      "type": "leveled",
      "levels": [
        {
          "level": 0,
          "type": "weighted_target",
          "target": "ispawner:spawner{group:tank}",
          "output": {
            "ispawner:spawner{ Manager: { UsesLeft:1, Settings: { Attempts: 1, SpawnDelay: 30 } } }": 1
          }
        },
        {
          "level": 20,
          "type": "weighted_target",
          "target": "ispawner:spawner{group:tank}",
          "output": {
            "ispawner:spawner{ Manager: { UsesLeft:1, Settings: { Attempts: 1, SpawnDelay: 30 } } }": 1,
            "ispawner:spawner{ Manager: { UsesLeft:1, Settings: { Attempts: 2, SpawnDelay: 30 } } }": 1
          }
        },
        {
          "level": 40,
          "type": "weighted_target",
          "target": "ispawner:spawner{group:tank}",
          "output": {
            "ispawner:spawner{ Manager: { UsesLeft:1, Settings: { Attempts: 1, SpawnDelay: 30 } } }": 1,
            "ispawner:spawner{ Manager: { UsesLeft:1, Settings: { Attempts: 2, SpawnDelay: 30 } } }": 1
          }
        },
        {
          "level": 60,
          "type": "weighted_target",
          "target": "ispawner:spawner{group:tank}",
          "output": {
            "ispawner:spawner{ Manager: { UsesLeft:1, Settings: { Attempts: 1, SpawnDelay: 30 } } }": 1,
            "ispawner:spawner{ Manager: { UsesLeft:1, Settings: { Attempts: 2, SpawnDelay: 30 } } }": 1
          }
        },
        {
          "level": 80,
          "type": "weighted_target",
          "target": "ispawner:spawner{group:tank}",
          "output": {
            "ispawner:spawner{ Manager: { UsesLeft:1, Settings: { Attempts: 1, SpawnDelay: 30 } } }": 1,
            "ispawner:spawner{ Manager: { UsesLeft:1, Settings: { Attempts: 2, SpawnDelay: 30 } } }": 1
          }
        },
        {
          "level": 100,
          "type": "weighted_target",
          "target": "ispawner:spawner{group:tank}",
          "output": {
            "ispawner:spawner{ Manager: { UsesLeft:1, Settings: { Attempts: 1, SpawnDelay: 30 } } }": 1,
            "ispawner:spawner{ Manager: { UsesLeft:1, Settings: { Attempts: 2, SpawnDelay: 30 } } }": 1
          }
        }
      ]
    },
    {
      "type": "leveled",
      "levels": [
        {
          "level": 0,
          "type": "weighted_target",
          "target": "ispawner:spawner{group:horde}",
          "output": {
            "ispawner:spawner{ Manager: { UsesLeft:1, Settings: { Attempts: 4, SpawnDelay: 30 } } }": 1,
            "ispawner:spawner{ Manager: { UsesLeft:1, Settings: { Attempts: 6, SpawnDelay: 30 } } }": 1,
            "ispawner:spawner{ Manager: { UsesLeft:1, Settings: { Attempts: 8, SpawnDelay: 30 } } }": 1
          }
        },
        {
          "level": 20,
          "type": "weighted_target",
          "target": "ispawner:spawner{group:horde}",
          "output": {
            "ispawner:spawner{ Manager: { UsesLeft:1, Settings: { Attempts: 6, SpawnDelay: 30 } } }": 1,
            "ispawner:spawner{ Manager: { UsesLeft:1, Settings: { Attempts: 8, SpawnDelay: 30 } } }": 1,
            "ispawner:spawner{ Manager: { UsesLeft:2, Settings: { Attempts: 5, SpawnDelay: 30 } } }": 1,
            "ispawner:spawner{ Manager: { UsesLeft:1, Settings: { Attempts: 10, SpawnDelay: 30 } } }": 1
          }
        },
        {
          "level": 40,
          "type": "weighted_target",
          "target": "ispawner:spawner{group:horde}",
          "output": {
            "ispawner:spawner{ Manager: { UsesLeft:1, Settings: { Attempts: 8, SpawnDelay: 30 } } }": 1,
            "ispawner:spawner{ Manager: { UsesLeft:1, Settings: { Attempts: 10, SpawnDelay: 30 } } }": 1,
            "ispawner:spawner{ Manager: { UsesLeft:2, Settings: { Attempts: 6, SpawnDelay: 30 } } }": 1,
            "ispawner:spawner{ Manager: { UsesLeft:2, Settings: { Attempts: 7, SpawnDelay: 30 } } }": 1,
            "ispawner:spawner{ Manager: { UsesLeft:1, Settings: { Attempts: 12, SpawnDelay: 30 } } }": 1,
            "ispawner:spawner{ Manager: { UsesLeft:1, Settings: { Attempts: 14, SpawnDelay: 30 } } }": 1
          }
        },
        {
          "level": 60,
          "type": "weighted_target",
          "target": "ispawner:spawner{group:horde}",
          "output": {
            "ispawner:spawner{ Manager: { UsesLeft:1, Settings: { Attempts: 10, SpawnDelay: 30 } } }": 1,
            "ispawner:spawner{ Manager: { UsesLeft:2, Settings: { Attempts: 6, SpawnDelay: 30 } } }": 1,
            "ispawner:spawner{ Manager: { UsesLeft:2, Settings: { Attempts: 7, SpawnDelay: 30 } } }": 1,
            "ispawner:spawner{ Manager: { UsesLeft:2, Settings: { Attempts: 8, SpawnDelay: 30 } } }": 1,
            "ispawner:spawner{ Manager: { UsesLeft:2, Settings: { Attempts: 9, SpawnDelay: 30 } } }": 1,
            "ispawner:spawner{ Manager: { UsesLeft:1, Settings: { Attempts: 12, SpawnDelay: 30 } } }": 1,
            "ispawner:spawner{ Manager: { UsesLeft:1, Settings: { Attempts: 14, SpawnDelay: 30 } } }": 1
          }
        },
        {
          "level": 80,
          "type": "weighted_target",
          "target": "ispawner:spawner{group:horde}",
          "output": {
            "ispawner:spawner{ Manager: { UsesLeft:2, Settings: { Attempts: 10, SpawnDelay: 30 } } }": 1,
            "ispawner:spawner{ Manager: { UsesLeft:3, Settings: { Attempts: 6, SpawnDelay: 30 } } }": 1,
            "ispawner:spawner{ Manager: { UsesLeft:2, Settings: { Attempts: 8, SpawnDelay: 30 } } }": 1,
            "ispawner:spawner{ Manager: { UsesLeft:2, Settings: { Attempts: 9, SpawnDelay: 30 } } }": 1,
            "ispawner:spawner{ Manager: { UsesLeft:1, Settings: { Attempts: 16, SpawnDelay: 30 } } }": 1
          }
        },
        {
          "level": 100,
          "type": "weighted_target",
          "target": "ispawner:spawner{group:horde}",
          "output": {
            "ispawner:spawner{ Manager: { UsesLeft:2, Settings: { Attempts: 10, SpawnDelay: 30 } } }": 1,
            "ispawner:spawner{ Manager: { UsesLeft:3, Settings: { Attempts: 6, SpawnDelay: 30 } } }": 1,
            "ispawner:spawner{ Manager: { UsesLeft:2, Settings: { Attempts: 8, SpawnDelay: 30 } } }": 1,
            "ispawner:spawner{ Manager: { UsesLeft:2, Settings: { Attempts: 9, SpawnDelay: 30 } } }": 1,
            "ispawner:spawner{ Manager: { UsesLeft:1, Settings: { Attempts: 16, SpawnDelay: 30 } } }": 1
          }
        }
      ]
    },
    {
      "type": "leveled",
      "levels": [
        {
          "level": 0,
          "type": "weighted_target",
          "target": "ispawner:spawner{group:assassin}",
          "output": {
            "ispawner:spawner{ Manager: { UsesLeft:1, Settings: { Attempts: 2, SpawnDelay: 30 } } }": 1,
            "ispawner:spawner{ Manager: { UsesLeft:1, Settings: { Attempts: 3, SpawnDelay: 30 } } }": 1
          }
        },
        {
          "level": 20,
          "type": "weighted_target",
          "target": "ispawner:spawner{group:assassin}",
          "output": {
            "ispawner:spawner{ Manager: { UsesLeft:1, Settings: { Attempts: 3, SpawnDelay: 30 } } }": 1
          }
        },
        {
          "level": 40,
          "type": "weighted_target",
          "target": "ispawner:spawner{group:assassin}",
          "output": {
            "ispawner:spawner{ Manager: { UsesLeft:1, Settings: { Attempts: 3, SpawnDelay: 30 } } }": 1,
            "ispawner:spawner{ Manager: { UsesLeft:1, Settings: { Attempts: 4, SpawnDelay: 30 } } }": 1
          }
        },
        {
          "level": 60,
          "type": "weighted_target",
          "target": "ispawner:spawner{group:assassin}",
          "output": {
            "ispawner:spawner{ Manager: { UsesLeft:1, Settings: { Attempts: 4, SpawnDelay: 30 } } }": 1,
            "ispawner:spawner{ Manager: { UsesLeft:1, Settings: { Attempts: 5, SpawnDelay: 30 } } }": 1
          }
        },
        {
          "level": 80,
          "type": "weighted_target",
          "target": "ispawner:spawner{group:assassin}",
          "output": {
            "ispawner:spawner{ Manager: { UsesLeft:1, Settings: { Attempts: 4, SpawnDelay: 30 } } }": 1,
            "ispawner:spawner{ Manager: { UsesLeft:1, Settings: { Attempts: 5, SpawnDelay: 30 } } }": 1,
            "ispawner:spawner{ Manager: { UsesLeft:1, Settings: { Attempts: 6, SpawnDelay: 30 } } }": 1
          }
        },
        {
          "level": 100,
          "type": "weighted_target",
          "target": "ispawner:spawner{group:assassin}",
          "output": {
            "ispawner:spawner{ Manager: { UsesLeft:1, Settings: { Attempts: 5, SpawnDelay: 30 } } }": 1,
            "ispawner:spawner{ Manager: { UsesLeft:1, Settings: { Attempts: 6, SpawnDelay: 30 } } }": 1
          }
        }
      ]
    }
  ]
}