{
    "tile_processors": [
        {
            "type": "leveled",
            "levels": [
                {
                    "level": 0,
                    "type": "weighted_target",
                    "target": "ispawner:spawner",
                    "output": {
                        "ispawner:spawner{ Inventory: { Stacks: [ {id: \"the_vault:vault_horse_egg\", Count: 60b, tag: {EntityTag: {Variant: 0, SaddleItem: {id: \"saddle\", Count: 1}}}}, {id: \"the_vault:vault_horse_egg\", Count: 4b, tag: {EntityTag: {Variant: 1, SaddleItem: {id: \"saddle\", Count: 1}}}}, {id: \"minecraft:shulker_spawn_egg\", Count: 10}, {id: \"alexsmobs:spawn_egg_cosmaw\", Count: 1b}, {id: \"the_vault:vault_fighter_0_egg\", Count: 20}, {id: \"rottencreatures:frostbitten_spawn_egg\", Count: 20} ] } }": 1
                    }
                },
                {
                    "level": 20,
                    "type": "weighted_target",
                    "target": "ispawner:spawner",
                    "output": {
                        "ispawner:spawner{ Inventory: { Stacks: [ {id: \"the_vault:vault_horse_egg\", Count: 60b, tag: {EntityTag: {Variant: 0, SaddleItem: {id: \"saddle\", Count: 1}}}}, {id: \"the_vault:vault_horse_egg\", Count: 4b, tag: {EntityTag: {Variant: 1, SaddleItem: {id: \"saddle\", Count: 1}}}}, {id: \"minecraft:shulker_spawn_egg\", Count: 10}, {id: \"alexsmobs:spawn_egg_cosmaw\", Count: 1b}, {id: \"the_vault:vault_fighter_0_egg\", Count: 19}, {id: \"the_vault:vault_fighter_1_egg\", Count: 1}, {id: \"rottencreatures:frostbitten_spawn_egg\", Count: 20} ] } }": 1
                    }
                },
                {
                    "level": 25,
                    "type": "weighted_target",
                    "target": "ispawner:spawner",
                    "output": {
                        "ispawner:spawner{ Inventory: { Stacks: [ {id: \"the_vault:vault_horse_egg\", Count: 60b, tag: {EntityTag: {Variant: 0, SaddleItem: {id: \"saddle\", Count: 1}}}}, {id: \"the_vault:vault_horse_egg\", Count: 4b, tag: {EntityTag: {Variant: 1, SaddleItem: {id: \"saddle\", Count: 1}}}}, {id: \"minecraft:shulker_spawn_egg\", Count: 10}, {id: \"alexsmobs:spawn_egg_cosmaw\", Count: 1b}, {id: \"the_vault:vault_fighter_0_egg\", Count: 15}, {id: \"the_vault:vault_fighter_1_egg\", Count: 5}, {id: \"rottencreatures:frostbitten_spawn_egg\", Count: 20} ] } }": 1
                    }
                },
                {
                    "level": 30,
                    "type": "weighted_target",
                    "target": "ispawner:spawner",
                    "output": {
                        "ispawner:spawner{ Inventory: { Stacks: [{id: \"the_vault:vault_horse_egg\", Count: 60b, tag: {EntityTag: {Variant: 0, SaddleItem: {id: \"saddle\", Count: 1}}}}, {id: \"the_vault:vault_horse_egg\", Count: 4b, tag: {EntityTag: {Variant: 1, SaddleItem: {id: \"saddle\", Count: 1}}}}, {id: \"minecraft:shulker_spawn_egg\", Count: 10}, {id: \"alexsmobs:spawn_egg_cosmaw\", Count: 1b}, {id: \"the_vault:vault_fighter_0_egg\", Count: 10}, {id: \"the_vault:vault_fighter_1_egg\", Count: 10}, {id: \"rottencreatures:frostbitten_spawn_egg\", Count: 20} ] } }": 1
                    }
                },
                {
                    "level": 40,
                    "type": "weighted_target",
                    "target": "ispawner:spawner",
                    "output": {
                        "ispawner:spawner{ Inventory: { Stacks: [ {id: \"the_vault:vault_horse_egg\", Count: 60b, tag: {EntityTag: {Variant: 0, SaddleItem: {id: \"saddle\", Count: 1}}}}, {id: \"the_vault:vault_horse_egg\", Count: 4b, tag: {EntityTag: {Variant: 1, SaddleItem: {id: \"saddle\", Count: 1}}}}, {id: \"minecraft:shulker_spawn_egg\", Count: 10}, {id: \"alexsmobs:spawn_egg_cosmaw\", Count: 1b}, {id: \"the_vault:vault_fighter_0_egg\", Count: 2}, {id: \"the_vault:vault_fighter_1_egg\", Count: 18}, {id: \"rottencreatures:frostbitten_spawn_egg\", Count: 20} ] } }": 1
                    }
                },
                {
                    "level": 50,
                    "type": "weighted_target",
                    "target": "ispawner:spawner",
                    "output": {
                        "ispawner:spawner{ Inventory: { Stacks: [ {id: \"the_vault:vault_horse_egg\", Count: 60b, tag: {EntityTag: {Variant: 0, SaddleItem: {id: \"saddle\", Count: 1}}}}, {id: \"the_vault:vault_horse_egg\", Count: 4b, tag: {EntityTag: {Variant: 1, SaddleItem: {id: \"saddle\", Count: 1}}}}, {id: \"minecraft:shulker_spawn_egg\", Count: 10}, {id: \"alexsmobs:spawn_egg_cosmaw\", Count: 1b}, {id: \"the_vault:vault_fighter_1_egg\", Count: 19}, {id: \"the_vault:vault_fighter_2_egg\", Count: 1}, {id: \"rottencreatures:frostbitten_spawn_egg\", Count: 20} ] } }": 1
                    }
                },
                {
                    "level": 55,
                    "type": "weighted_target",
                    "target": "ispawner:spawner",
                    "output": {
                        "ispawner:spawner{ Inventory: { Stacks: [ {id: \"the_vault:vault_horse_egg\", Count: 60b, tag: {EntityTag: {Variant: 0, SaddleItem: {id: \"saddle\", Count: 1}}}}, {id: \"the_vault:vault_horse_egg\", Count: 4b, tag: {EntityTag: {Variant: 1, SaddleItem: {id: \"saddle\", Count: 1}}}}, {id: \"minecraft:shulker_spawn_egg\", Count: 10}, {id: \"alexsmobs:spawn_egg_cosmaw\", Count: 1b}, {id: \"the_vault:vault_fighter_1_egg\", Count: 15}, {id: \"the_vault:vault_fighter_2_egg\", Count: 5}, {id: \"rottencreatures:frostbitten_spawn_egg\", Count: 20} ] } }": 1
                    }
                },
                {
                    "level": 60,
                    "type": "weighted_target",
                    "target": "ispawner:spawner",
                    "output": {
                        "ispawner:spawner{ Inventory: { Stacks: [ {id: \"the_vault:vault_horse_egg\", Count: 60b, tag: {EntityTag: {Variant: 0, SaddleItem: {id: \"saddle\", Count: 1}}}}, {id: \"the_vault:vault_horse_egg\", Count: 4b, tag: {EntityTag: {Variant: 1, SaddleItem: {id: \"saddle\", Count: 1}}}}, {id: \"minecraft:shulker_spawn_egg\", Count: 10}, {id: \"alexsmobs:spawn_egg_cosmaw\", Count: 1b}, {id: \"the_vault:vault_fighter_1_egg\", Count: 10}, {id: \"the_vault:vault_fighter_2_egg\", Count: 10}, {id: \"rottencreatures:frostbitten_spawn_egg\", Count: 20} ] } }": 1
                    }
                },
                {
                    "level": 65,
                    "type": "weighted_target",
                    "target": "ispawner:spawner",
                    "output": {
                        "ispawner:spawner{ Inventory: { Stacks: [ {id: \"the_vault:vault_horse_egg\", Count: 60b, tag: {EntityTag: {Variant: 0, SaddleItem: {id: \"saddle\", Count: 1}}}}, {id: \"the_vault:vault_horse_egg\", Count: 4b, tag: {EntityTag: {Variant: 1, SaddleItem: {id: \"saddle\", Count: 1}}}}, {id: \"minecraft:shulker_spawn_egg\", Count: 10}, {id: \"alexsmobs:spawn_egg_cosmaw\", Count: 1b}, {id: \"the_vault:vault_fighter_1_egg\", Count: 5}, {id: \"the_vault:vault_fighter_2_egg\", Count: 15}, {id: \"the_vault:vault_fighter_4_egg\", Count: 5}, {id: \"rottencreatures:frostbitten_spawn_egg\", Count: 20} ] } }": 1
                    }
                },
                {
                    "level": 70,
                    "type": "weighted_target",
                    "target": "ispawner:spawner",
                    "output": {
                        "ispawner:spawner{ Inventory: { Stacks: [ {id: \"the_vault:vault_horse_egg\", Count: 60b, tag: {EntityTag: {Variant: 0, SaddleItem: {id: \"saddle\", Count: 1}}}}, {id: \"the_vault:vault_horse_egg\", Count: 4b, tag: {EntityTag: {Variant: 1, SaddleItem: {id: \"saddle\", Count: 1}}}}, {id: \"minecraft:shulker_spawn_egg\", Count: 10}, {id: \"alexsmobs:spawn_egg_cosmaw\", Count: 1b}, {id: \"the_vault:vault_fighter_2_egg\", Count: 20}, {id: \"the_vault:vault_fighter_4_egg\", Count: 10}, {id: \"the_vault:t3_piglin_egg\", Count: 1}, {id: \"rottencreatures:frostbitten_spawn_egg\", Count: 20} ] } }": 1
                    }
                },
                {
                    "level": 80,
                    "type": "weighted_target",
                    "target": "ispawner:spawner",
                    "output": {
                        "ispawner:spawner{ Inventory: { Stacks: [ {id: \"the_vault:vault_horse_egg\", Count: 60b, tag: {EntityTag: {Variant: 0, SaddleItem: {id: \"saddle\", Count: 1}}}}, {id: \"the_vault:vault_horse_egg\", Count: 4b, tag: {EntityTag: {Variant: 1, SaddleItem: {id: \"saddle\", Count: 1}}}}, {id: \"minecraft:shulker_spawn_egg\", Count: 10}, {id: \"alexsmobs:spawn_egg_cosmaw\", Count: 1b}, {id: \"the_vault:vault_fighter_2_egg\", Count: 20}, {id: \"the_vault:vault_fighter_4_egg\", Count: 20}, {id: \"the_vault:t3_piglin_egg\", Count: 2}, {id: \"rottencreatures:frostbitten_spawn_egg\", Count: 20} ] } }": 1
                    }
                },
                {
                    "level": 90,
                    "type": "weighted_target",
                    "target": "ispawner:spawner",
                    "output": {
                        "ispawner:spawner{ Inventory: { Stacks: [ {id: \"the_vault:vault_horse_egg\", Count: 60b, tag: {EntityTag: {Variant: 0, SaddleItem: {id: \"saddle\", Count: 1}}}}, {id: \"the_vault:vault_horse_egg\", Count: 4b, tag: {EntityTag: {Variant: 1, SaddleItem: {id: \"saddle\", Count: 1}}}}, {id: \"minecraft:shulker_spawn_egg\", Count: 10}, {id: \"alexsmobs:spawn_egg_cosmaw\", Count: 1b}, {id: \"the_vault:vault_fighter_2_egg\", Count: 10}, {id: \"the_vault:vault_fighter_4_egg\", Count: 20}, {id: \"the_vault:t3_piglin_egg\", Count: 3}, {id: \"rottencreatures:frostbitten_spawn_egg\", Count: 20} ] } }": 1
                    }
                },
                {
                    "level": 100,
                    "type": "weighted_target",
                    "target": "ispawner:spawner",
                    "output": {
                        "ispawner:spawner{ Inventory: { Stacks: [ {id: \"the_vault:vault_horse_egg\", Count: 60b, tag: {EntityTag: {Variant: 0, SaddleItem: {id: \"saddle\", Count: 1}}}}, {id: \"the_vault:vault_horse_egg\", Count: 4b, tag: {EntityTag: {Variant: 1, SaddleItem: {id: \"saddle\", Count: 1}}}}, {id: \"minecraft:shulker_spawn_egg\", Count: 10}, {id: \"alexsmobs:spawn_egg_cosmaw\", Count: 1b}, {id: \"the_vault:vault_fighter_4_egg\", Count: 20}, {id: \"the_vault:t3_piglin_egg\", Count: 4}, {id: \"rottencreatures:frostbitten_spawn_egg\", Count: 20} ] } }": 1
                    }
                }
            ]
        }
    ]
}