{
  "entries": [
    {
      "roll": {
        "type": "uniform",
        "min": 1,
        "max": 1
      },
      "pool": [
        { "weight": 1,
          "pool": [
            {
                "weight": 70,
                "item": {
                "id": "the_vault:jewel_pouch",
                "count": {
                  "type": "uniform",
                  "min": 1,
                  "max": 1
                  }
                }
            },
            {
              "weight": 10,
              "item": {
              "id": "the_vault:key_piece",
              "count": {
                "type": "uniform",
                "min": 1,
                "max": 1
                }
              }
            },
            {
              "weight": 20,
              "item": {
                "id": "the_vault:magnet",
                "nbt": {
                  "the_vault:gear_roll_type_pool": "dungeon"
                },
                "count": {
                  "type": "uniform",
                  "min": 1,
                  "max": 1
                  }
              }
            },
            {
              "weight": 2,
              "item": {
              "id": "the_vault:trinket",
              "count": {
                "type": "uniform",
                "min": 1,
                "max": 1
                }
              }
            }
          ]
        }
      ]
    }
  ]
}