{
  "tile_processors": [
    {
      "type": "weighted_target",
      "target": "minecraft:stone_bricks",
      "output": {
        "the_vault:idona_brick_chiseled": 9,
        "the_vault:idona_brick": 1
      }
    },
    {
      "type": "weighted_target",
      "target": "architects_palette:heavy_stone_bricks",
      "output": {
        "the_vault:idona_brick_chiseled": 9,
        "the_vault:idona_brick": 1
      }
    },
    {
      "type": "weighted_target",
      "target": "architects_palette:heavy_cracked_stone_bricks",
      "output": {
        "the_vault:idona_brick_chiseled": 9,
        "the_vault:idona_brick": 1
      }
    },
    {
      "type": "weighted_target",
      "target": "minecraft:stone_brick_stairs",
      "output": {
        "minecraft:red_nether_brick_stairs": 1
      }
    },
    {
      "type": "weighted_target",
      "target": "create:andesite_pillar",
      "output": {
        "create:crimsite_pillar": 1
      }
    },
    {
      "type": "weighted_target",
      "target": "create:layered_andesite",
      "output": {
        "create:layered_crimsite": 1
      }
    },
    {
      "type": "weighted_target",
      "target": "create:cut_andesite",
      "output": {
        "create:cut_crimsite": 1
      }
    },
    {
      "type": "weighted_target",
      "target": "create:cut_andesite_brick_stairs",
      "output": {
        "create:cut_crimsite_brick_stairs": 1
      }
    },
    {
      "type": "weighted_target",
      "target": "create:cut_andesite_stairs",
      "output": {
        "create:cut_crimsite_stairs": 1
      }
    },
    {
      "type": "weighted_target",
      "target": "create:cut_andesite_slab",
      "output": {
        "create:cut_crimsite_slab": 1
      }
    },
    {
      "type": "weighted_target",
      "target": "create:cut_andesite_brick_wall",
      "output": {
        "create:cut_crimsite_brick_wall": 1
      }
    },
    {
      "type": "weighted_target",
      "target": "minecraft:acacia_leaves",
      "output": {
        "quark:red_blossom_leaves": 1
      }
    },
    {
      "type": "weighted_target",
      "target": "quark:acacia_hedge",
      "output": {
        "quark:red_blossom_hedge": 1
      }
    },
    {
        "type": "reference",
        "id": "the_vault:gate_lock/base"
    }
  ],
  "entity_processors": [],
  "decorators": []
}