{
  "CHARMS": {
    "the_vault:small_idona": {
      "weight": 100,
      "god": "IDONA",
      "name": "Noble Idona Charm",
      "particleLoc": "particle/charm/small_idona",
      "color": 16733525,
      "minUses": 6,
      "maxUses": 20,
      "minAffinity": 5,
      "maxAffinity": 15,
      "config": {
        "key": "the_vault:idona_affinity"
      }
    },
    "the_vault:large_idona": {
      "weight": 100,
      "god": "IDONA",
      "name": "Distinguished Idona Charm",
      "particleLoc": "particle/charm/large_idona",
      "color": 16733525,
      "minUses": 6,
      "maxUses": 20,
      "minAffinity": 16,
      "maxAffinity": 25,
      "config": {
        "key": "the_vault:idona_affinity"
      }
    },
    "the_vault:grand_idona": {
      "weight": 100,
      "god": "IDONA",
      "name": "Regal Idona Charm",
      "particleLoc": "particle/charm/grand_idona",
      "color": 16733525,
      "minUses": 6,
      "maxUses": 20,
      "minAffinity": 26,
      "maxAffinity": 35,
      "config": {
        "key": "the_vault:idona_affinity"
      }
    },
    "the_vault:majestic_idona": {
      "weight": 100,
      "god": "IDONA",
      "name": "Majestic Idona Charm",
      "particleLoc": "particle/charm/majestic_idona",
      "color": 16733525,
      "majesticColor": 7340288,
      "minUses": 6,
      "maxUses": 20,
      "minAffinity": 36,
      "maxAffinity": 50,
      "config": {
        "key": "the_vault:idona_affinity"
      }
    },
    "the_vault:small_tenos": {
      "weight": 100,
      "god": "TENOS",
      "name": "Noble Tenos Charm",
      "particleLoc": "particle/charm/small_tenos",
      "color": 5636095,
      "minUses": 6,
      "maxUses": 20,
      "minAffinity": 5,
      "maxAffinity": 15,
      "config": {
        "key": "the_vault:tenos_affinity"
      }
    },
    "the_vault:large_tenos": {
      "weight": 100,
      "god": "TENOS",
      "name": "Distinguished Tenos Charm",
      "particleLoc": "particle/charm/large_tenos",
      "color": 5636095,
      "minUses": 6,
      "maxUses": 20,
      "minAffinity": 16,
      "maxAffinity": 25,
      "config": {
        "key": "the_vault:tenos_affinity"
      }
    },
    "the_vault:grand_tenos": {
      "weight": 100,
      "god": "TENOS",
      "name": "Regal Tenos Charm",
      "particleLoc": "particle/charm/grand_tenos",
      "color": 5636095,
      "minUses": 6,
      "maxUses": 20,
      "minAffinity": 26,
      "maxAffinity": 35,
      "config": {
        "key": "the_vault:tenos_affinity"
      }
    },
    "the_vault:majestic_tenos": {
      "weight": 100,
      "god": "TENOS",
      "name": "Majestic Tenos Charm",
      "particleLoc": "particle/charm/majestic_tenos",
      "color": 5636095,
      "majesticColor": 11403263,
      "minUses": 6,
      "maxUses": 20,
      "minAffinity": 36,
      "maxAffinity": 50,
      "config": {
        "key": "the_vault:tenos_affinity"
      }
    },
    "the_vault:small_velara": {
      "weight": 100,
      "god": "VELARA",
      "name": "Noble Velara Charm",
      "particleLoc": "particle/charm/small_velara",
      "color": 5635925,
      "minUses": 6,
      "maxUses": 20,
      "minAffinity": 5,
      "maxAffinity": 15,
      "config": {
        "key": "the_vault:velara_affinity"
      }
    },
    "the_vault:large_velara": {
      "weight": 100,
      "god": "VELARA",
      "name": "Distinguished Velara Charm",
      "particleLoc": "particle/charm/large_velara",
      "color": 5635925,
      "minUses": 6,
      "maxUses": 20,
      "minAffinity": 16,
      "maxAffinity": 25,
      "config": {
        "key": "the_vault:velara_affinity"
      }
    },
    "the_vault:grand_velara": {
      "weight": 100,
      "god": "VELARA",
      "name": "Regal Velara Charm",
      "particleLoc": "particle/charm/grand_velara",
      "color": 5635925,
      "minUses": 6,
      "maxUses": 20,
      "minAffinity": 26,
      "maxAffinity": 35,
      "config": {
        "key": "the_vault:velara_affinity"
      }
    },
    "the_vault:majestic_velara": {
      "weight": 100,
      "god": "VELARA",
      "name": "Majestic Velara Charm",
      "particleLoc": "particle/charm/majestic_velara",
      "color": 5635925,
      "majesticColor": 16735932,
      "minUses": 6,
      "maxUses": 20,
      "minAffinity": 36,
      "maxAffinity": 50,
      "config": {
        "key": "the_vault:velara_affinity"
      }
    },
    "the_vault:small_wendarr": {
      "weight": 100,
      "god": "WENDARR",
      "name": "Noble Wendarr Charm",
      "particleLoc": "particle/charm/small_wendarr",
      "color": 16755200,
      "minUses": 6,
      "maxUses": 20,
      "minAffinity": 5,
      "maxAffinity": 15,
      "config": {
        "key": "the_vault:wendarr_affinity"
      }
    },
    "the_vault:large_wendarr": {
      "weight": 100,
      "god": "WENDARR",
      "name": "Distinguished Wendarr Charm",
      "particleLoc": "particle/charm/large_wendarr",
      "color": 16755200,
      "minUses": 6,
      "maxUses": 20,
      "minAffinity": 16,
      "maxAffinity": 25,
      "config": {
        "key": "the_vault:wendarr_affinity"
      }
    },
    "the_vault:grand_wendarr": {
      "weight": 100,
      "god": "WENDARR",
      "name": "Regal Wendarr Charm",
      "particleLoc": "particle/charm/grand_wendarr",
      "color": 16755200,
      "minUses": 6,
      "maxUses": 20,
      "minAffinity": 26,
      "maxAffinity": 35,
      "config": {
        "key": "the_vault:wendarr_affinity"
      }
    },
    "the_vault:majestic_wendarr": {
      "weight": 100,
      "god": "WENDARR",
      "name": "Majestic Wendarr Charm",
      "particleLoc": "particle/charm/majestic_wendarr",
      "color": 16755200,
      "majesticColor": 16766208,
      "minUses": 6,
      "maxUses": 20,
      "minAffinity": 36,
      "maxAffinity": 50,
      "config": {
        "key": "the_vault:wendarr_affinity"
      }
    }
  }
}