{
  "maxLevel": 50,
  "expMultiplier": 1.0,
  "hatchingTime": 1800,
  "cooldownRange": [
    20,
    40
  ],
  "levels": [
    {
      "level": 0,
      "tnl": 1000
    },
    {
      "level": 1,
      "tnl": 2000
    },
    {
      "level": 2,
      "tnl": 3000
    },
    {
      "level": 3,
      "tnl": 4000
    },
    {
      "level": 4,
      "tnl": 5000
    },
    {
      "level": 5,
      "tnl": 6000
    },
    {
      "level": 6,
      "tnl": 7000
    },
    {
      "level": 7,
      "tnl": 8000
    },
    {
      "level": 8,
      "tnl": 9000
    },
    {
      "level": 9,
      "tnl": 10000
    },
    {
      "level": 10,
      "tnl": 19000
    },
    {
      "level": 11,
      "tnl": 21000
    },
    {
      "level": 12,
      "tnl": 23000
    },
    {
      "level": 13,
      "tnl": 25000
    },
    {
      "level": 14,
      "tnl": 27000
    },
    {
      "level": 15,
      "tnl": 29000
    },
    {
      "level": 16,
      "tnl": 31000
    },
    {
      "level": 17,
      "tnl": 33000
    },
    {
      "level": 18,
      "tnl": 35000
    },
    {
      "level": 19,
      "tnl": 37000
    },
    {
      "level": 20,
      "tnl": 29000
    },
    {
      "level": 21,
      "tnl": 30500
    },
    {
      "level": 22,
      "tnl": 32000
    },
    {
      "level": 23,
      "tnl": 33500
    },
    {
      "level": 24,
      "tnl": 35000
    },
    {
      "level": 25,
      "tnl": 36500
    },
    {
      "level": 26,
      "tnl": 38000
    },
    {
      "level": 27,
      "tnl": 39500
    },
    {
      "level": 28,
      "tnl": 41000
    },
    {
      "level": 29,
      "tnl": 42500
    },
    {
      "level": 30,
      "tnl": 22000
    },
    {
      "level": 31,
      "tnl": 22400
    },
    {
      "level": 32,
      "tnl": 22800
    },
    {
      "level": 33,
      "tnl": 23200
    },
    {
      "level": 34,
      "tnl": 23600
    },
    {
      "level": 35,
      "tnl": 24000
    },
    {
      "level": 36,
      "tnl": 24400
    },
    {
      "level": 37,
      "tnl": 24800
    },
    {
      "level": 38,
      "tnl": 25200
    },
    {
      "level": 39,
      "tnl": 25600
    },
    {
      "level": 40,
      "tnl": 26000
    },
    {
      "level": 41,
      "tnl": 27200
    },
    {
      "level": 42,
      "tnl": 28400
    },
    {
      "level": 43,
      "tnl": 29600
    },
    {
      "level": 44,
      "tnl": 30800
    },
    {
      "level": 45,
      "tnl": 32000
    },
    {
      "level": 46,
      "tnl": 33200
    },
    {
      "level": 47,
      "tnl": 34400
    },
    {
      "level": 48,
      "tnl": 35600
    },
    {
      "level": 49,
      "tnl": 36800
    }
  ]
}