{
  "tree": {
    "type": "expertises",
    "skills": [
      {
        "type": "tiered",
        "id": "Lucky_Altar",
        "name": "Lucky Altar",
        "tiers": [
          {
            "type": "lucky_altar",
            "luckyAltarChance": 0.1,
            "learnPointCost": 1,
            "regretPointCost": 0,
            "unlockLevel": 0
          },
          {
            "type": "lucky_altar",
            "luckyAltarChance": 0.2,
            "learnPointCost": 1,
            "regretPointCost": 0,
            "unlockLevel": 0
          },
          {
            "type": "lucky_altar",
            "luckyAltarChance": 0.3,
            "learnPointCost": 1,
            "regretPointCost": 0,
            "unlockLevel": 0
          },
          {
            "type": "lucky_altar",
            "luckyAltarChance": 0.4,
            "learnPointCost": 1,
            "regretPointCost": 0,
            "unlockLevel": 0
          },
          {
            "type": "lucky_altar",
            "luckyAltarChance": 0.5,
            "learnPointCost": 1,
            "regretPointCost": 0,
            "unlockLevel": 0
          }
        ]
      },
      {
        "type": "tiered",
        "id": "Bartering",
        "name": "Bartering",
        "tiers": [
          {
            "type": "shop_pedestal",
            "costReduction": 0.15,
            "learnPointCost": 1,
            "regretPointCost": 0,
            "unlockLevel": 0
          },
          {
            "type": "shop_pedestal",
            "costReduction": 0.3,
            "learnPointCost": 1,
            "regretPointCost": 0,
            "unlockLevel": 0
          },
          {
            "type": "shop_pedestal",
            "costReduction": 0.45,
            "learnPointCost": 1,
            "regretPointCost": 0,
            "unlockLevel": 0
          }
        ]
      },
      {
        "type": "tiered",
        "id": "Artisan",
        "name": "Artisan",
        "tiers": [
          {
            "type": "crafting_potential",
            "chanceToNotConsumePotential": 0.2,
            "learnPointCost": 1,
            "regretPointCost": 0,
            "unlockLevel": 0
          },
          {
            "type": "crafting_potential",
            "chanceToNotConsumePotential": 0.4,
            "learnPointCost": 1,
            "regretPointCost": 0,
            "unlockLevel": 0
          },
          {
            "type": "crafting_potential",
            "chanceToNotConsumePotential": 0.6,
            "learnPointCost": 1,
            "regretPointCost": 0,
            "unlockLevel": 0
          }
        ]
      },
      {
        "type": "tiered",
        "id": "Angel",
        "name": "Angel",
        "tiers": [
          {
            "type": "creative_flight",
            "learnPointCost": 1,
            "regretPointCost": 0,
            "unlockLevel": 50
          }
        ]
      },
      {
        "type": "tiered",
        "id": "Bounty_Hunter",
        "name": "Bounty Hunter",
        "tiers": [
          {
            "type": "bounty_hunter",
            "learnPointCost": 1,
            "regretPointCost": 0,
            "waitingPeriodReduction": 5400,
            "abandonedPenaltyReduction": 0.0,
            "maxActive": 1,
            "unlockLevel": 0
          },
          {
            "type": "bounty_hunter",
            "learnPointCost": 1,
            "regretPointCost": 0,
            "waitingPeriodReduction": 5400,
            "abandonedPenaltyReduction": 0.9376,
            "maxActive": 1,
            "unlockLevel": 0
          },
          {
            "type": "bounty_hunter",
            "learnPointCost": 1,
            "regretPointCost": 0,
            "waitingPeriodReduction": 5400,
            "abandonedPenaltyReduction": 0.9376,
            "maxActive": 2,
            "unlockLevel": 0
          }
        ]
      },
      {
        "type": "tiered",
        "id": "Unbreakable",
        "name": "Unbreakable",
        "tiers": [
          {
            "type": "gear_attribute",
            "attribute": "the_vault:durability_wear_reduction_cap",
            "value": 0.05,
            "learnPointCost": 1,
            "regretPointCost": 0,
            "unlockLevel": 0
          },
          {
            "type": "gear_attribute",
            "attribute": "the_vault:durability_wear_reduction_cap",
            "value": 0.1,
            "learnPointCost": 1,
            "regretPointCost": 0,
            "unlockLevel": 0
          },
          {
            "type": "gear_attribute",
            "attribute": "the_vault:durability_wear_reduction_cap",
            "value": 0.15,
            "learnPointCost": 1,
            "regretPointCost": 0,
            "unlockLevel": 0
          },
          {
            "type": "gear_attribute",
            "attribute": "the_vault:durability_wear_reduction_cap",
            "value": 0.2,
            "learnPointCost": 1,
            "regretPointCost": 0,
            "unlockLevel": 0
          },
          {
            "type": "gear_attribute",
            "attribute": "the_vault:durability_wear_reduction",
            "value": 0.25,
            "learnPointCost": 1,
            "regretPointCost": 0,
            "unlockLevel": 0
          }
        ]
      },
      {
        "type": "tiered",
        "id": "Divine",
        "name": "Divine",
        "tiers": [
          {
            "type": "divine",
            "affinityIncrease": 0.1,
            "learnPointCost": 1,
            "regretPointCost": 0,
            "unlockLevel": 0
          },
          {
            "type": "divine",
            "affinityIncrease": 0.2,
            "learnPointCost": 1,
            "regretPointCost": 0,
            "unlockLevel": 0
          },
          {
            "type": "divine",
            "affinityIncrease": 0.3,
            "learnPointCost": 1,
            "regretPointCost": 0,
            "unlockLevel": 0
          }
        ]
      },
      {
        "type": "tiered",
        "id": "Trinketer",
        "name": "Trinketer",
        "tiers": [
          {
            "type": "trinketer",
            "damageAvoidanceChance": 0.1,
            "learnPointCost": 1,
            "regretPointCost": 0,
            "unlockLevel": 0
          },
          {
            "type": "trinketer",
            "damageAvoidanceChance": 0.2,
            "learnPointCost": 1,
            "regretPointCost": 0,
            "unlockLevel": 0
          },
          {
            "type": "trinketer",
            "damageAvoidanceChance": 0.3,
            "learnPointCost": 1,
            "regretPointCost": 0,
            "unlockLevel": 0
          }
        ]
      },
      {
        "type": "tiered",
        "id": "Mystic",
        "name": "Crystalmancer",
        "tiers": [
          {
            "type": "mystic",
            "additionalCrystalVolume": 10,
            "learnPointCost": 1,
            "regretPointCost": 0,
            "unlockLevel": 0
          },
          {
            "type": "mystic",
            "additionalCrystalVolume": 20,
            "learnPointCost": 1,
            "regretPointCost": 0,
            "unlockLevel": 0
          },
          {
            "type": "mystic",
            "additionalCrystalVolume": 30,
            "learnPointCost": 1,
            "regretPointCost": 0,
            "unlockLevel": 0
          }
        ]
      },
      {
        "type": "tiered",
        "id": "Infuser",
        "name": "Infuser",
        "tiers": [
          {
            "type": "infuser",
            "negativeModifierRemovalChance": 0.2,
            "learnPointCost": 1,
            "regretPointCost": 0,
            "unlockLevel": 0
          },
          {
            "type": "infuser",
            "negativeModifierRemovalChance": 0.4,
            "learnPointCost": 1,
            "regretPointCost": 0,
            "unlockLevel": 0
          },
          {
            "type": "infuser",
            "negativeModifierRemovalChance": 0.6,
            "learnPointCost": 1,
            "regretPointCost": 0,
            "unlockLevel": 0
          }
        ]
      },
      {
        "type": "tiered",
        "id": "Experienced",
        "name": "Experienced",
        "tiers": [
          {
            "type": "experience",
            "increasedExpPercentage": 10.0,
            "learnPointCost": 1,
            "regretPointCost": 0,
            "unlockLevel": 0
          },
          {
            "type": "experience",
            "increasedExpPercentage": 20.0,
            "learnPointCost": 1,
            "regretPointCost": 0,
            "unlockLevel": 0
          },
          {
            "type": "experience",
            "increasedExpPercentage": 30.0,
            "learnPointCost": 1,
            "regretPointCost": 0,
            "unlockLevel": 0
          }
        ]
      },
      {
        "type": "tiered",
        "id": "Fortunate",
        "name": "Fortunate",
        "tiers": [
          {
            "type": "fortunate",
            "additionalFortuneLevels": 1,
            "learnPointCost": 1,
            "regretPointCost": 0,
            "unlockLevel": 0
          },
          {
            "type": "fortunate",
            "additionalFortuneLevels": 2,
            "learnPointCost": 1,
            "regretPointCost": 0,
            "unlockLevel": 0
          }
        ]
      },
      {
        "type": "tiered",
        "id": "Jeweler",
        "name": "Jeweler",
        "tiers": [
          {
            "type": "jeweler",
            "additionalIdentifiedJewels": 1,
            "learnPointCost": 2,
            "regretPointCost": 0,
            "unlockLevel": 0
          }
        ]
      },
      {
        "type": "tiered",
        "id": "Marketer",
        "name": "Marketer",
        "tiers": [
          {
            "type": "marketer",
            "timeReductionInMinutes": 0,
            "numberOfRolls": 1,
            "learnPointCost": 1,
            "regretPointCost": 0,
            "unlockLevel": 0
          },
          {
            "type": "marketer",
            "timeReductionInMinutes": 0,
            "numberOfRolls": 2,
            "learnPointCost": 1,
            "regretPointCost": 0,
            "unlockLevel": 0
          },
          {
            "type": "marketer",
            "timeReductionInMinutes": 0,
            "numberOfRolls": 3,
            "learnPointCost": 1,
            "regretPointCost": 0,
            "unlockLevel": 0
          },
          {
            "type": "marketer",
            "timeReductionInMinutes": 0,
            "numberOfRolls": 4,
            "learnPointCost": 1,
            "regretPointCost": 0,
            "unlockLevel": 0
          },
          {
            "type": "marketer",
            "timeReductionInMinutes": 0,
            "numberOfRolls": 5,
            "learnPointCost": 1,
            "regretPointCost": 0,
            "unlockLevel": 0
          },
          {
            "type": "marketer",
            "timeReductionInMinutes": 0,
            "numberOfRolls": 6,
            "learnPointCost": 1,
            "regretPointCost": 0,
            "unlockLevel": 0
          }
        ]
      },
      {
        "type": "tiered",
        "id": "Fortuitous_Finesse",
        "name": "Fortuitous Finesse",
        "tiers": [
          {
            "type": "fortuitous_finesse",
            "extraLegendaryChance": 0.01,
            "learnPointCost": 1,
            "regretPointCost": 0,
            "unlockLevel": 0
          },
          {
            "type": "fortuitous_finesse",
            "extraLegendaryChance": 0.02,
            "learnPointCost": 1,
            "regretPointCost": 0,
            "unlockLevel": 0
          }
        ]
      }
    ]
  }
}