{
  "styles": {
    "Lucky_Altar": {
      "x": 210,
      "y": 140,
      "frameType": "STAR",
      "icon": "the_vault:gui/skills/lucky_altar"
    },
    "Bartering": {
      "x": 140,
      "y": 70,
      "frameType": "STAR",
      "icon": "the_vault:gui/skills/bartering"
    },
    "Artisan": {
      "x": 280,
      "y": 70,
      "frameType": "STAR",
      "icon": "the_vault:gui/skills/blacksmithing"
    },
    "Jeweler": {
      "x": 350,
      "y": 70,
      "frameType": "STAR",
      "icon": "the_vault:gui/skills/jeweller"
    },
    "Angel": {
      "x": 210,
      "y": 70,
      "frameType": "STAR",
      "icon": "the_vault:gui/skills/angel"
    },
    "Bounty_Hunter": {
      "x": 280,
      "y": 140,
      "frameType": "STAR",
      "icon": "the_vault:gui/skills/bounty_hunter"
    },
    "Marketer": {
      "x": 350,
      "y": 140,
      "frameType": "STAR",
      "icon": "the_vault:gui/skills/marketer"
    },
    "Unbreakable": {
      "x": 70,
      "y": 70,
      "frameType": "STAR",
      "icon": "the_vault:gui/skills/unbreakable"
    },
    "Divine": {
      "x": 280,
      "y": 0,
      "frameType": "STAR",
      "icon": "the_vault:gui/skills/divine"
    },
    "Trinketer": {
      "x": 210,
      "y": 0,
      "frameType": "STAR",
      "icon": "the_vault:gui/skills/trinketer"
    },
    "Mystic": {
      "x": 140,
      "y": 0,
      "frameType": "STAR",
      "icon": "the_vault:gui/skills/mystic"
    },
    "Infuser": {
      "x": 70,
      "y": 0,
      "frameType": "STAR",
      "icon": "the_vault:gui/skills/infuser"
    },
    "Experienced": {
      "x": 140,
      "y": 140,
      "frameType": "STAR",
      "icon": "the_vault:gui/skills/experienced"
    },
    "Fortunate": {
      "x": 70,
      "y": 140,
      "frameType": "STAR",
      "icon": "the_vault:gui/skills/fortunate"
    },
    "Fortuitous_Finesse": {
      "x": 350,
      "y": 0,
      "frameType": "STAR",
      "icon": "the_vault:gui/skills/fortuitous_finesse"
    }
  }
}