{
  "tile_processors": [
    {
      "type": "weighted_target",
      "target": "minecraft:gold_block",
      "output": {
        "the_vault:fools_gold": 25,
        "minecraft:air": 975
      }
    },
    {
      "type": "weighted_target",
      "target": "the_vault:placeholder[type=coin_stacks]",
      "output": {
        "the_vault:placeholder[type=coin_stacks]": 35,
        "minecraft:air": 65
      }
    },
    {
      "type": "weighted_target",
      "target": "the_vault:placeholder[type=coin_stacks_waterlogged]",
      "output": {
        "the_vault:placeholder[type=coin_stacks_waterlogged]": 35,
        "minecraft:water": 65
      }
    },
    {
      "type": "placeholder",
      "target": "COIN_STACKS",
      "levels": [
        {
          "level": 0,
          "probability": 0.9,
          "success": {
            "the_vault:coin_pile[size=3,waterlogged=false]{LootTable:\"the_vault:coin_pile_lvl0\"}": 20,
            "the_vault:coin_pile[size=4,waterlogged=false]{LootTable:\"the_vault:coin_pile_lvl0\"}": 40,
            "the_vault:coin_pile[size=5,waterlogged=false]{LootTable:\"the_vault:coin_pile_lvl0\"}": 22,
            "the_vault:coin_pile[size=6,waterlogged=false]{LootTable:\"the_vault:coin_pile_lvl0\"}": 7,
            "the_vault:coin_pile[size=7,waterlogged=false]{LootTable:\"the_vault:coin_pile_lvl0\"}": 4
          },
          "failure": {
            "minecraft:air": 1
          }
        },
        {
          "level": 20,
          "probability": 0.9,
          "success": {
            "the_vault:coin_pile[size=3,waterlogged=false]{LootTable:\"the_vault:coin_pile_lvl0\"}": 20,
            "the_vault:coin_pile[size=4,waterlogged=false]{LootTable:\"the_vault:coin_pile_lvl0\"}": 48,
            "the_vault:coin_pile[size=5,waterlogged=false]{LootTable:\"the_vault:coin_pile_lvl0\"}": 28,
            "the_vault:coin_pile[size=6,waterlogged=false]{LootTable:\"the_vault:coin_pile_lvl0\"}": 15,
            "the_vault:coin_pile[size=7,waterlogged=false]{LootTable:\"the_vault:coin_pile_lvl0\"}": 4
          },
          "failure": {
            "minecraft:air": 1
          }
        },
        {
          "level": 30,
          "probability": 0.9,
          "success": {
            "the_vault:coin_pile[size=3,waterlogged=false]{LootTable:\"the_vault:coin_pile_lvl30\"}": 20,
            "the_vault:coin_pile[size=4,waterlogged=false]{LootTable:\"the_vault:coin_pile_lvl30\"}": 48,
            "the_vault:coin_pile[size=5,waterlogged=false]{LootTable:\"the_vault:coin_pile_lvl30\"}": 28,
            "the_vault:coin_pile[size=6,waterlogged=false]{LootTable:\"the_vault:coin_pile_lvl30\"}": 15,
            "the_vault:coin_pile[size=7,waterlogged=false]{LootTable:\"the_vault:coin_pile_lvl30\"}": 4
          },
          "failure": {
            "minecraft:air": 1
          }
        }
      ]
    },
    {
      "type": "placeholder",
      "target": "COIN_STACKS_WATERLOGGED",
      "levels": [
        {
          "level": 0,
          "probability": 0.9,
          "success": {
            "the_vault:coin_pile[size=3,waterlogged=true]{LootTable:\"the_vault:coin_pile_lvl0\"}": 20,
            "the_vault:coin_pile[size=4,waterlogged=true]{LootTable:\"the_vault:coin_pile_lvl0\"}": 40,
            "the_vault:coin_pile[size=5,waterlogged=true]{LootTable:\"the_vault:coin_pile_lvl0\"}": 22,
            "the_vault:coin_pile[size=6,waterlogged=true]{LootTable:\"the_vault:coin_pile_lvl0\"}": 7,
            "the_vault:coin_pile[size=7,waterlogged=true]{LootTable:\"the_vault:coin_pile_lvl0\"}": 4
          },
          "failure": {
            "minecraft:water": 1
          }
        },
        {
          "level": 20,
          "probability": 0.9,
          "success": {
            "the_vault:coin_pile[size=3,waterlogged=true]{LootTable:\"the_vault:coin_pile_lvl0\"}": 20,
            "the_vault:coin_pile[size=4,waterlogged=true]{LootTable:\"the_vault:coin_pile_lvl0\"}": 48,
            "the_vault:coin_pile[size=5,waterlogged=true]{LootTable:\"the_vault:coin_pile_lvl0\"}": 28,
            "the_vault:coin_pile[size=6,waterlogged=true]{LootTable:\"the_vault:coin_pile_lvl0\"}": 15,
            "the_vault:coin_pile[size=7,waterlogged=true]{LootTable:\"the_vault:coin_pile_lvl0\"}": 4
          },
          "failure": {
            "minecraft:water": 1
          }
        },
        {
          "level": 30,
          "probability": 0.9,
          "success": {
            "the_vault:coin_pile[size=3,waterlogged=true]{LootTable:\"the_vault:coin_pile_lvl30\"}": 20,
            "the_vault:coin_pile[size=4,waterlogged=true]{LootTable:\"the_vault:coin_pile_lvl30\"}": 48,
            "the_vault:coin_pile[size=5,waterlogged=true]{LootTable:\"the_vault:coin_pile_lvl30\"}": 28,
            "the_vault:coin_pile[size=6,waterlogged=true]{LootTable:\"the_vault:coin_pile_lvl30\"}": 15,
            "the_vault:coin_pile[size=7,waterlogged=true]{LootTable:\"the_vault:coin_pile_lvl30\"}": 4
          },
          "failure": {
            "minecraft:water": 1
          }
        }
      ]
    },
    {
      "type": "reference",
      "id": "the_vault:generic/room_base"
    }
  ],
  "entity_processors": [],
  "decorators": []
}