{
  "tile_processors": [
    {
      "type": "weighted_target",
      "target": "auxiliaryblocks:lab_dark_gray",
      "output": {
        "the_vault:tenos_brick_chiseled": 9,
        "the_vault:tenos_brick": 1
      }
    },
    {
      "type": "weighted_target",
      "target": "auxiliaryblocks:lab_dark_metallic",
      "output": {
        "the_vault:tenos_brick_chiseled": 9,
        "the_vault:tenos_brick": 1
      }
    },
    {
      "type": "weighted_target",
      "target": "architects_palette:plating_block",
      "output": {
        "quark:blue_nether_bricks": 1
      }
    },
    {
      "type": "weighted_target",
      "target": "architects_palette:plating_stairs",
      "output": {
        "quark:blue_nether_bricks_stairs": 1
      }
    },
    {
      "type": "weighted_target",
      "target": "architects_palette:plating_slab",
      "output": {
        "quark:blue_nether_bricks_slab": 1
      }
    },
    {
      "type": "weighted_target",
      "target": "architects_palette:plating_wall",
      "output": {
        "quark:blue_nether_bricks_wall": 1
      }
    },
    {
        "type": "reference",
        "id": "the_vault:gate_lock/base"
    }
  ],
  "entity_processors": [],
  "decorators": []
}