{
  "tile_processors": [
    {
      "type": "weighted_target",
      "target": "minecraft:stone",
      "output": {
        "the_vault:wendarr_dark_smooth_brick": 2,
        "the_vault:wendarr_light_smooth_brick": 1,
        "the_vault:wendarr_gem_block": 1
      }
    },
    {
      "type": "weighted_target",
      "target": "minecraft:cobblestone",
      "output": {
        "the_vault:wendarr_dark_smooth_brick": 2,
        "the_vault:wendarr_light_smooth_brick": 1,
        "the_vault:wendarr_gem_block": 1
      }
    },
    {
      "type": "weighted_target",
      "target": "minecraft:mossy_cobblestone",
      "output": {
        "the_vault:wendarr_dark_smooth_brick": 2,
        "the_vault:wendarr_light_smooth_brick": 1,
        "the_vault:wendarr_gem_block": 1
      }
    },
    {
      "type": "weighted_target",
      "target": "minecraft:tuff",
      "output": {
        "the_vault:wendarr_dark_smooth_brick": 2,
        "the_vault:wendarr_light_smooth_brick": 1,
        "the_vault:wendarr_gem_block": 1
      }
    },
    {
      "type": "weighted_target",
      "target": "create:cut_tuff",
      "output": {
        "the_vault:wendarr_dark_smooth_brick": 2,
        "the_vault:wendarr_light_smooth_brick": 1,
        "the_vault:wendarr_gem_block": 1
      }
    },
    {
      "type": "weighted_target",
      "target": "auxiliaryblocks:rocky_stone",
      "output": {
        "the_vault:wendarr_dark_smooth_brick": 2,
        "the_vault:wendarr_light_smooth_brick": 1,
        "the_vault:wendarr_gem_block": 1
      }
    },
    {
      "type": "weighted_target",
      "target": "auxiliaryblocks:mossy_stone",
      "output": {
        "the_vault:wendarr_dark_smooth_brick": 2,
        "the_vault:wendarr_light_smooth_brick": 1,
        "the_vault:wendarr_gem_block": 1
      }
    },
    {
      "type": "weighted_target",
      "target": "minecraft:grass_block",
      "output": {
        "botania:golden_grass": 1
      }
    },
    {
      "type": "weighted_target",
      "target": "minecraft:moss_block",
      "output": {
        "minecraft:red_sand": 1
      }
    },
    {
      "type": "weighted_target",
      "target": "minecraft:green_concrete_powder",
      "output": {
        "minecraft:orange_concrete_powder": 1
      }
    },
    {
      "type": "weighted_target",
      "target": "minecraft:green_concrete",
      "output": {
        "minecraft:orange_concrete": 1
      }
    },
    {
      "type": "weighted_target",
      "target": "minecraft:clay",
      "output": {
        "minecraft:orange_concrete": 1
      }
    },
    {
      "type": "weighted_target",
      "target": "minecraft:dirt_path",
      "output": {
        "minecraft:yellow_concrete_powder": 1
      }
    },
    {
      "type": "weighted_target",
      "target": "twigs:tuff_stairs",
      "output": {
        "create:cut_ochrum_stairs": 1
      }
    },
    {
      "type": "weighted_target",
      "target": "minecraft:azalea_leaves",
      "output": {
        "quark:orange_blossom_leaves": 1
      }
    },
    {
      "type": "weighted_target",
      "target": "minecraft:flowering_azalea_leaves",
      "output": {
        "quark:lavender_blossom_leaves": 1
      }
    },
    {
      "type": "weighted_target",
      "target": "minecraft:cave_vines",
      "output": {
        "quark:pink_blossom_leaves": 1
      }
    },
    {
      "type": "weighted_target",
      "target": "minecraft:cave_vines_plant",
      "output": {
        "quark:pink_blossom_leaves": 1
      }
    },
    {
      "type": "weighted_target",
      "target": "minecraft:brown_mushroom",
      "output": {
        "quark:glow_shroom": 1
      }
    },
    {
      "type": "weighted_target",
      "target": "minecraft:red_mushroom",
      "output": {
        "quark:glow_shroom": 1
      }
    },
    {
      "type": "weighted_target",
      "target": "minecraft:grass",
      "output": {
        "minecraft:orange_candle[lit=true,candles=1]": 4,
        "minecraft:orange_candle[lit=true,candles=2]": 3,
        "minecraft:orange_candle[lit=true,candles=3]": 2,
        "minecraft:orange_candle[lit=true,candles=4]": 1,
        "quark:glow_lichen_growth": 10
      }
    },
    {
      "type": "weighted_target",
      "target": "minecraft:azalea",
      "output": {
        "botania:orange_shiny_flower": 1
      }
    },
    {
      "type": "weighted_target",
      "target": "minecraft:flowering_azalea",
      "output": {
        "botania:yellow_shiny_flower": 1
      }
    },
    {
      "type": "weighted_target",
      "target": "minecraft:large_fern[half=lower]",
      "output": {
        "botania:orange_double_flower[half=lower]": 1
      }
    },
    {
      "type": "weighted_target",
      "target": "minecraft:large_fern[half=upper]",
      "output": {
        "botania:orange_double_flower[half=upper]": 1
      }
    },
    {
      "type": "weighted_target",
      "target": "minecraft:red_mushroom_block",
      "output": {
        "auxiliaryblocks:purple_gelatin": 2,
        "auxiliaryblocks:blue_crystal": 1,
        "quark:indigo_corundum": 1
      }
    },
    {
      "type": "weighted_target",
      "target": "minecraft:brown_mushroom_block",
      "output": {
        "auxiliaryblocks:orange_gelatin": 2,
        "auxiliaryblocks:orange_crystal": 1,
        "quark:orange_corundum": 1
      }
    },
    {
      "type": "weighted_target",
      "target": "minecraft:moss_carpet",
      "output": {
        "minecraft:orange_carpet": 1
      }
    },
    {
      "type": "weighted_target",
      "target": "ecologics:moss_layer",
      "output": {
        "minecraft:orange_carpet": 1
      }
    },
    {
      "type": "weighted_target",
      "target": "minecraft:spruce_slab",
      "output": {
        "twigs:stripped_bamboo_slab": 1
      }
    },
    {
        "type": "reference",
        "id": "the_vault:gate_lock/base"
    }
  ],
  "entity_processors": [],
  "decorators": []
}