{
  "tile_processors": [
    {
      "type": "placeholder",
      "target": "ORE",
      "levels": [
        {
          "level": 0,
          "probability": 0.07,
          "success": {
            "the_vault:ore_painite[type=vault_stone,generated=true]": 10,
            "the_vault:ore_alexandrite[type=vault_stone,generated=true]": 10,
            "the_vault:ore_benitoite[type=vault_stone,generated=true]": 160,
            "the_vault:ore_larimar[type=vault_stone,generated=true]": 600,
            "the_vault:ore_black_opal[type=vault_stone,generated=true]": 6,
            "the_vault:ore_echo[type=vault_stone,generated=true]": 1,
            "the_vault:ore_iskallium[type=vault_stone,generated=true]": 5,
            "the_vault:ore_gorginite[type=vault_stone,generated=true]": 5,
            "the_vault:ore_ashium[type=vault_stone,generated=true]": 5,
            "the_vault:ore_sparkletine[type=vault_stone,generated=true]": 5,
            "the_vault:ore_bomignite[type=vault_stone,generated=true]": 5,
            "the_vault:ore_tubium[type=vault_stone,generated=true]": 5,
            "the_vault:ore_upaline[type=vault_stone,generated=true]": 5,
            "the_vault:ore_xenium[type=vault_stone,generated=true]": 5,
            "the_vault:ore_petzanite[type=vault_stone,generated=true]": 5
          },
          "failure": {
            "the_vault:vault_stone": 1
          }
        },
        {
          "level": 11,
          "probability": 0.1,
          "success": {
            "the_vault:ore_painite[type=vault_stone,generated=true]": 80,
            "the_vault:ore_alexandrite[type=vault_stone,generated=true]": 40,
            "the_vault:ore_benitoite[type=vault_stone,generated=true]": 160,
            "the_vault:ore_larimar[type=vault_stone,generated=true]": 600,
            "the_vault:ore_black_opal[type=vault_stone,generated=true]": 20,
            "the_vault:ore_echo[type=vault_stone,generated=true]": 1,
            "the_vault:ore_iskallium[type=vault_stone,generated=true]": 5,
            "the_vault:ore_gorginite[type=vault_stone,generated=true]": 5,
            "the_vault:ore_ashium[type=vault_stone,generated=true]": 5,
            "the_vault:ore_sparkletine[type=vault_stone,generated=true]": 5,
            "the_vault:ore_bomignite[type=vault_stone,generated=true]": 5,
            "the_vault:ore_tubium[type=vault_stone,generated=true]": 5,
            "the_vault:ore_upaline[type=vault_stone,generated=true]": 5,
            "the_vault:ore_xenium[type=vault_stone,generated=true]": 5,
            "the_vault:ore_petzanite[type=vault_stone,generated=true]": 5
          },
          "failure": {
            "the_vault:vault_stone": 1
          }
        },
        {
          "level": 23,
          "probability": 0.1,
          "success": {
            "the_vault:ore_painite[type=vault_stone,generated=true]": 80,
            "the_vault:ore_alexandrite[type=vault_stone,generated=true]": 40,
            "the_vault:ore_benitoite[type=vault_stone,generated=true]": 160,
            "the_vault:ore_larimar[type=vault_stone,generated=true]": 600,
            "the_vault:ore_black_opal[type=vault_stone,generated=true]": 20,
            "the_vault:ore_echo[type=vault_stone,generated=true]": 1,
            "the_vault:ore_iskallium[type=vault_stone,generated=true]": 5,
            "the_vault:ore_gorginite[type=vault_stone,generated=true]": 5,
            "the_vault:ore_ashium[type=vault_stone,generated=true]": 5,
            "the_vault:ore_sparkletine[type=vault_stone,generated=true]": 5,
            "the_vault:ore_bomignite[type=vault_stone,generated=true]": 5,
            "the_vault:ore_tubium[type=vault_stone,generated=true]": 5,
            "the_vault:ore_upaline[type=vault_stone,generated=true]": 5,
            "the_vault:ore_xenium[type=vault_stone,generated=true]": 5,
            "the_vault:ore_petzanite[type=vault_stone,generated=true]": 5
          },
          "failure": {
            "the_vault:vault_stone": 1
          }
        },
        {
          "level": 40,
          "probability": 0.12,
          "success": {
            "the_vault:ore_painite[type=vault_stone,generated=true]": 100,
            "the_vault:ore_alexandrite[type=vault_stone,generated=true]": 40,
            "the_vault:ore_benitoite[type=vault_stone,generated=true]": 120,
            "the_vault:ore_larimar[type=vault_stone,generated=true]": 600,
            "the_vault:ore_black_opal[type=vault_stone,generated=true]": 20,
            "the_vault:ore_echo[type=vault_stone,generated=true]": 1,
            "the_vault:ore_iskallium[type=vault_stone,generated=true]": 5,
            "the_vault:ore_gorginite[type=vault_stone,generated=true]": 5,
            "the_vault:ore_ashium[type=vault_stone,generated=true]": 5,
            "the_vault:ore_sparkletine[type=vault_stone,generated=true]": 5,
            "the_vault:ore_bomignite[type=vault_stone,generated=true]": 5,
            "the_vault:ore_tubium[type=vault_stone,generated=true]": 5,
            "the_vault:ore_upaline[type=vault_stone,generated=true]": 5,
            "the_vault:ore_xenium[type=vault_stone,generated=true]": 5,
            "the_vault:ore_petzanite[type=vault_stone,generated=true]": 5
          },
          "failure": {
            "the_vault:vault_stone": 1
          }
        }
      ]
    }
  ]
}