{
  "tile_processors": [
    {
      "type": "placeholder",
      "target": "ORNATE_CHEST",
      "levels": [
        {
          "level": 0,
          "probability": 1.0,
          "success": {
            "the_vault:ornate_chest{LootTable:\"the_vault:ornate_chest_lvl0\"}": 1
          },
          "failure": {
            "minecraft:air": 1
          }
        },
        {
          "level": 20,
          "probability": 1.0,
          "success": {
            "the_vault:ornate_chest{LootTable:\"the_vault:ornate_chest_lvl20\"}": 1
          },
          "failure": {
            "minecraft:air": 1
          }
        },
        {
          "level": 30,
          "probability": 1.0,
          "success": {
            "the_vault:ornate_chest{LootTable:\"the_vault:ornate_chest_lvl30\"}": 1
          },
          "failure": {
            "minecraft:air": 1
          }
        },
        {
          "level": 50,
          "probability": 1.0,
          "success": {
            "the_vault:ornate_chest{LootTable:\"the_vault:ornate_chest_lvl50\"}": 19,
            "the_vault:ornate_strongbox{LootTable:\"the_vault:ornate_strongbox_lvl50\"}": 1
          },
          "failure": {
            "minecraft:air": 1
          }
        },
        {
          "level": 65,
          "probability": 1.0,
          "success": {
            "the_vault:ornate_chest{LootTable:\"the_vault:ornate_chest_lvl65\"}": 19,
            "the_vault:ornate_strongbox{LootTable:\"the_vault:ornate_strongbox_lvl65\"}": 1
          },
          "failure": {
            "minecraft:air": 1
          }
        },
        {
          "level": 80,
          "probability": 1.0,
          "success": {
            "the_vault:ornate_chest{LootTable:\"the_vault:ornate_chest_lvl65\"}": 11,
            "the_vault:ornate_strongbox{LootTable:\"the_vault:ornate_strongbox_lvl65\"}": 1
          },
          "failure": {
            "minecraft:air": 1
          }
        },
        {
          "level": 100,
          "probability": 1.0,
          "success": {
            "the_vault:ornate_chest{LootTable:\"the_vault:ornate_chest_lvl65\"}": 7,
            "the_vault:ornate_strongbox{LootTable:\"the_vault:ornate_strongbox_lvl65\"}": 1
          },
          "failure": {
            "minecraft:air": 1
          }
        }
      ]
    },
    {
      "type": "placeholder",
      "target": "ORNATE_CHEST_WATERLOGGED",
      "levels": [
        {
          "level": 0,
          "probability": 1.0,
          "success": {
            "the_vault:ornate_chest[waterlogged=true]{LootTable:\"the_vault:ornate_chest_lvl0\"}": 1
          },
          "failure": {
            "minecraft:water": 1
          }
        },
        {
          "level": 20,
          "probability": 1.0,
          "success": {
            "the_vault:ornate_chest[waterlogged=true]{LootTable:\"the_vault:ornate_chest_lvl20\"}": 1
          },
          "failure": {
            "minecraft:water": 1
          }
        },
        {
          "level": 30,
          "probability": 1.0,
          "success": {
            "the_vault:ornate_chest[waterlogged=true]{LootTable:\"the_vault:ornate_chest_lvl30\"}": 1
          },
          "failure": {
            "minecraft:water": 1
          }
        },
        {
          "level": 50,
          "probability": 1.0,
          "success": {
            "the_vault:ornate_chest[waterlogged=true]{LootTable:\"the_vault:ornate_chest_lvl50\"}": 19,
            "the_vault:ornate_strongbox[waterlogged=true]{LootTable:\"the_vault:ornate_strongbox_lvl50\"}": 1
          },
          "failure": {
            "minecraft:water": 1
          }
        },
        {
          "level": 65,
          "probability": 1.0,
          "success": {
            "the_vault:ornate_chest[waterlogged=true]{LootTable:\"the_vault:ornate_chest_lvl65\"}": 19,
            "the_vault:ornate_strongbox[waterlogged=true]{LootTable:\"the_vault:ornate_strongbox_lvl65\"}": 1
          },
          "failure": {
            "minecraft:water": 1
          }
        },
        {
          "level": 80,
          "probability": 1.0,
          "success": {
            "the_vault:ornate_chest[waterlogged=true]{LootTable:\"the_vault:ornate_chest_lvl65\"}": 11,
            "the_vault:ornate_strongbox[waterlogged=true]{LootTable:\"the_vault:ornate_strongbox_lvl65\"}": 1
          },
          "failure": {
            "minecraft:water": 1
          }
        },
        {
          "level": 100,
          "probability": 1.0,
          "success": {
            "the_vault:ornate_chest[waterlogged=true]{LootTable:\"the_vault:ornate_chest_lvl65\"}": 7,
            "the_vault:ornate_strongbox[waterlogged=true]{LootTable:\"the_vault:ornate_strongbox_lvl65\"}": 1
          },
          "failure": {
            "minecraft:water": 1
          }
        }
      ]
    }
  ]
}