{
  "tile_processors": [
    {
      "type": "placeholder",
      "target": "WOODEN_CHEST",
      "levels": [
        {
          "level": 0,
          "probability": 1.0,
          "success": {
            "the_vault:wooden_chest{LootTable:\"the_vault:wooden_chest_lvl0\"}": 1
          },
          "failure": {
            "minecraft:air": 1
          }
        },
        {
          "level": 20,
          "probability": 1.0,
          "success": {
            "the_vault:wooden_chest{LootTable:\"the_vault:wooden_chest_lvl20\"}": 1
          },
          "failure": {
            "minecraft:air": 1
          }
        },
        {
          "level": 30,
          "probability": 1.0,
          "success": {
            "the_vault:wooden_chest{LootTable:\"the_vault:wooden_chest_lvl30\"}": 1
          },
          "failure": {
            "minecraft:air": 1
          }
        }
      ]
    },
    {
      "type": "placeholder",
      "target": "WOODEN_CHEST_WATERLOGGED",
      "levels": [
        {
          "level": 0,
          "probability": 1.0,
          "success": {
            "the_vault:wooden_chest[waterlogged=true]{LootTable:\"the_vault:wooden_chest_lvl0\"}": 1
          },
          "failure": {
            "minecraft:water": 1
          }
        },
        {
          "level": 20,
          "probability": 1.0,
          "success": {
            "the_vault:wooden_chest[waterlogged=true]{LootTable:\"the_vault:wooden_chest_lvl20\"}": 1
          },
          "failure": {
            "minecraft:water": 1
          }
        },
        {
          "level": 30,
          "probability": 1.0,
          "success": {
            "the_vault:wooden_chest[waterlogged=true]{LootTable:\"the_vault:wooden_chest_lvl30\"}": 1
          },
          "failure": {
            "minecraft:water": 1
          }
        }
      ]
    }
  ]
}