{
  "tile_processors": [
    {
      "type": "placeholder",
      "target": "ORNATE_CHEST",
      "levels": [
        {
          "level": 0,
          "probability": 1.0,
          "success": {
            "the_vault:wooden_chest{LootTable:\"the_vault:wooden_chest_lvl0\"}": 76,
            "the_vault:gilded_chest{LootTable:\"the_vault:gilded_chest_lvl0\"}": 8,
            "the_vault:living_chest{LootTable:\"the_vault:living_chest_lvl0\"}": 8,
            "the_vault:ornate_chest{LootTable:\"the_vault:ornate_chest_lvl0\"}": 8
          },
          "failure": {
            "minecraft:air": 1
          }
        },
        {
          "level": 10,
          "probability": 1.0,
          "success": {
            "the_vault:wooden_chest{LootTable:\"the_vault:wooden_chest_lvl0\"}": 76,
            "the_vault:gilded_chest{LootTable:\"the_vault:gilded_chest_lvl0\"}": 8,
            "the_vault:living_chest{LootTable:\"the_vault:living_chest_lvl10\"}": 8,
            "the_vault:ornate_chest{LootTable:\"the_vault:ornate_chest_lvl0\"}": 8
          },
          "failure": {
            "minecraft:air": 1
          }
        },
        {
          "level": 20,
          "probability": 1.0,
          "success": {
            "the_vault:wooden_chest{LootTable:\"the_vault:wooden_chest_lvl20\"}": 76,
            "the_vault:gilded_chest{LootTable:\"the_vault:gilded_chest_lvl20\"}": 8,
            "the_vault:living_chest{LootTable:\"the_vault:living_chest_lvl20\"}": 8,
            "the_vault:ornate_chest{LootTable:\"the_vault:ornate_chest_lvl20\"}": 8
          },
          "failure": {
            "minecraft:air": 1
          }
        },
        {
          "level": 30,
          "probability": 1.0,
          "success": {
            "the_vault:wooden_chest{LootTable:\"the_vault:wooden_chest_lvl30\"}": 76,
            "the_vault:gilded_chest{LootTable:\"the_vault:gilded_chest_lvl20\"}": 8,
            "the_vault:living_chest{LootTable:\"the_vault:living_chest_lvl30\"}": 8,
            "the_vault:ornate_chest{LootTable:\"the_vault:ornate_chest_lvl30\"}": 8
          },
          "failure": {
            "minecraft:air": 1
          }
        },
        {
          "level": 50,
          "probability": 1.0,
          "success": {
            "the_vault:wooden_chest{LootTable:\"the_vault:wooden_chest_lvl30\"}": 1520,
            "the_vault:gilded_chest{LootTable:\"the_vault:gilded_chest_lvl50\"}": 152,
            "the_vault:gilded_strongbox{LootTable:\"the_vault:gilded_strongbox_lvl50\"}": 8,
            "the_vault:living_chest{LootTable:\"the_vault:living_chest_lvl40\"}": 152,
            "the_vault:living_strongbox{LootTable:\"the_vault:living_strongbox_lvl50\"}": 8,
            "the_vault:ornate_chest{LootTable:\"the_vault:ornate_chest_lvl50\"}": 152,
            "the_vault:ornate_strongbox{LootTable:\"the_vault:ornate_strongbox_lvl50\"}": 8
          },
          "failure": {
            "minecraft:air": 1
          }
        },
        {
          "level": 65,
          "probability": 1.0,
          "success": {
            "the_vault:wooden_chest{LootTable:\"the_vault:wooden_chest_lvl30\"}": 1520,
            "the_vault:gilded_chest{LootTable:\"the_vault:gilded_chest_lvl50\"}": 152,
            "the_vault:gilded_strongbox{LootTable:\"the_vault:gilded_strongbox_lvl50\"}": 8,
            "the_vault:living_chest{LootTable:\"the_vault:living_chest_lvl40\"}": 152,
            "the_vault:living_strongbox{LootTable:\"the_vault:living_strongbox_lvl50\"}": 8,
            "the_vault:ornate_chest{LootTable:\"the_vault:ornate_chest_lvl65\"}": 152,
            "the_vault:ornate_strongbox{LootTable:\"the_vault:ornate_strongbox_lvl65\"}": 8
          },
          "failure": {
            "minecraft:air": 1
          }
        },
        {
          "level": 70,
          "probability": 1.0,
          "success": {
            "the_vault:wooden_chest{LootTable:\"the_vault:wooden_chest_lvl30\"}": 1520,
            "the_vault:gilded_chest{LootTable:\"the_vault:gilded_chest_lvl50\"}": 152,
            "the_vault:gilded_strongbox{LootTable:\"the_vault:gilded_strongbox_lvl50\"}": 8,
            "the_vault:living_chest{LootTable:\"the_vault:living_chest_lvl40\"}": 152,
            "the_vault:living_strongbox{LootTable:\"the_vault:living_strongbox_lvl50\"}": 8,
            "the_vault:ornate_chest{LootTable:\"the_vault:ornate_chest_lvl65\"}": 152,
            "the_vault:ornate_strongbox{LootTable:\"the_vault:ornate_strongbox_lvl65\"}": 8
          },
          "failure": {
            "minecraft:air": 1
          }
        },
        {
          "level": 80,
          "probability": 1.0,
          "success": {
            "the_vault:wooden_chest{LootTable:\"the_vault:wooden_chest_lvl30\"}": 912,
            "the_vault:gilded_chest{LootTable:\"the_vault:gilded_chest_lvl50\"}": 76,
            "the_vault:gilded_strongbox{LootTable:\"the_vault:gilded_strongbox_lvl50\"}": 8,
            "the_vault:living_chest{LootTable:\"the_vault:living_chest_lvl40\"}": 76,
            "the_vault:living_strongbox{LootTable:\"the_vault:living_strongbox_lvl50\"}": 8,
            "the_vault:ornate_chest{LootTable:\"the_vault:ornate_chest_lvl65\"}": 76,
            "the_vault:ornate_strongbox{LootTable:\"the_vault:ornate_strongbox_lvl65\"}": 8
          },
          "failure": {
            "minecraft:air": 1
          }
        },
        {
          "level": 100,
          "probability": 1.0,
          "success": {
            "the_vault:wooden_chest{LootTable:\"the_vault:wooden_chest_lvl30\"}": 608,
            "the_vault:gilded_chest{LootTable:\"the_vault:gilded_chest_lvl50\"}": 56,
            "the_vault:gilded_strongbox{LootTable:\"the_vault:gilded_strongbox_lvl50\"}": 8,
            "the_vault:living_chest{LootTable:\"the_vault:living_chest_lvl40\"}": 56,
            "the_vault:living_strongbox{LootTable:\"the_vault:living_strongbox_lvl50\"}": 8,
            "the_vault:ornate_chest{LootTable:\"the_vault:ornate_chest_lvl65\"}": 56,
            "the_vault:ornate_strongbox{LootTable:\"the_vault:ornate_strongbox_lvl65\"}": 8
          },
          "failure": {
            "minecraft:air": 1
          }
        }
      ]
    }
  ]
}