{
    "tile_processors": [
        {
            "type": "reference",
            "id": "the_vault:generic/ore_placeholder_blood_moon"
        },
        {
            "type": "reference",
            "id": "the_vault:generic/treasure_door_placeholder"
        },
        {
            "type": "weighted_target",
            "target": "minecraft:cobblestone",
            "output": {
                "minecraft:smooth_basalt": 1,
                "minecraft:blackstone": 1,
                "minecraft:polished_blackstone": 1
            }
        },
        {
            "type": "weighted_target",
            "target": "minecraft:stone",
            "output": {
                "create:cut_deepslate": 2,
                "create:polished_cut_deepslate": 2,
                "minecraft:polished_deepslate": 2,
                "minecraft:cobbled_deepslate": 1
            }
        },
        {
            "type": "weighted_target",
            "target": "minecraft:gray_concrete",
            "output": {
                "architects_palette:hadaline_pillar": 8,
                "architects_palette:hadaline_lamp": 1,
                "minecraft:nether_wart_block": 8,
                "auxiliaryblocks:red_gelatin": 4,
                "auxiliaryblocks:red_crystal": 4
            }
        },
        {
            "type": "weighted_target",
            "target": "minecraft:grass_block",
            "output": {
                "the_vault:vault_cobblestone": 1,
                "auxiliaryblocks:asphalt": 1,
                "the_vault:polished_vault_stone": 1
            }
        },
        {
            "type": "weighted_target",
            "target": "minecraft:coarse_dirt",
            "output": {
                "create:cut_crimsite": 4,
                "create:cut_crimsite_bricks": 2,
                "create:crimsite": 1,
                "create:polished_cut_crimsite": 2
            }
        },
        {
            "type": "weighted_target",
            "target": "minecraft:dirt",
            "output": {
                "create:cut_crimsite": 4,
                "create:cut_crimsite_bricks": 2,
                "create:crimsite": 1,
                "create:polished_cut_crimsite": 2
            }
        },
        {
            "type": "weighted_target",
            "target": "minecraft:stone_slab",
            "output": {
                "the_vault:polished_vault_stone_slab": 1
            }
        },
        {
            "type": "weighted_target",
            "target": "minecraft:cobblestone_slab",
            "output": {
                "create:cut_deepslate_slab": 2,
                "create:polished_cut_deepslate_slab": 2,
                "minecraft:polished_deepslate_slab": 2,
                "minecraft:cobbled_deepslate_slab": 1
            }
        },
        {
            "type": "weighted_target",
            "target": "minecraft:spruce_slab",
            "output": {
                "create:polished_cut_crimsite_slab": 1,
                "create:cut_crimsite_slab": 1
            }
        },
        {
            "type": "weighted_target",
            "target": "minecraft:purple_wool",
            "output": {
                "create:cut_crimsite": 1,
                "architects_palette:entrails": 1,
                "create:crimsite": 1,
                "create:polished_cut_crimsite": 1
            }
        },
        {
            "type": "weighted_target",
            "target": "minecraft:water",
            "output": {
                "minecraft:water": 1
            }
        },
        {
            "type": "weighted_target",
            "target": "minecraft:birch_log",
            "output": {
                "minecraft:air": 1
            }
        },
        {
            "type": "weighted_target",
            "target": "minecraft:birch_fence",
            "output": {
                "minecraft:crimson_fence": 1
            }
        },
        {
            "type": "weighted_target",
            "target": "minecraft:warped_fence",
            "output": {
                "architects_palette:osseous_pillar": 1
            }
        },
        {
            "type": "weighted_target",
            "target": "minecraft:warped_wart_block",
            "output": {
                "architects_palette:osseous_bricks": 1
            }
        },
        {
            "type": "weighted_target",
            "target": "minecraft:shroomlight",
            "output": {
                "architects_palette:lit_osseous_skull": 1
            }
        },
        {
            "type": "weighted_target",
            "target": "architects_palette:twisted_fence",
            "output": {
                "botania:livingwood_fence": 1
            }
        },
        {
            "type": "weighted_target",
            "target": "minecraft:cave_vines_plant",
            "output": {
                "minecraft:air": 1
            }
        },
        {
            "type": "weighted_target",
            "target": "minecraft:cave_vines",
            "output": {
                "minecraft:air": 1
            }
        },
        {
            "type": "weighted_target",
            "target": "minecraft:spore_blossom",
            "output": {
                "auxiliaryblocks:red_gelatin": 8,
                "auxiliaryblocks:red_crystal": 1
            }
        },
        {
            "type": "weighted_target",
            "target": "minecraft:brown_wool",
            "output": {
                "minecraft:air": 1
            }
        },
        {
            "type": "weighted_target",
            "target": "minecraft:pink_wool",
            "output": {
                "twigs:bloodstone": 2,
                "twigs:polished_bloodstone_bricks": 1,
                "twigs:cracked_polished_bloodstone_bricks": 1
            }
        },
        {
            "type": "weighted_target",
            "target": "minecraft:grass",
            "output": {
                "minecraft:air": 2
            }
        },
        {
            "type": "weighted_target",
            "target": "minecraft:tall_grass[half=lower]",
            "output": {
                "minecraft:air": 2
            }
        },
        {
            "type": "weighted_target",
            "target": "minecraft:tall_grass[half=upper]",
            "output": {
                "minecraft:air": 2
            }
        },
        {
            "type": "weighted_target",
            "target": "minecraft:twisting_vines_plant",
            "output": {
                "quark:oak_hedge": 1,
                "minecraft:oak_leaves": 1
            }
        },
        {
            "type": "weighted_target",
            "target": "minecraft:twisting_vines",
            "output": {
                "quark:oak_hedge": 1,
                "minecraft:oak_leaves": 1
            }
        },
        {
            "type": "weighted_target",
            "target": "minecraft:fern",
            "output": {
                "minecraft:air": 2
            }
        },
        {
            "type": "weighted_target",
            "target": "minecraft:lime_wool",
            "output": {
                "minecraft:smooth_basalt": 1,
                "minecraft:blackstone": 1,
                "minecraft:polished_blackstone": 1
            }
        },
        {
            "type": "weighted_target",
            "target": "minecraft:cyan_wool",
            "output": {
                "minecraft:crimson_hyphae": 2,
                "minecraft:nether_wart_block": 2,
                "auxiliaryblocks:red_gelatin": 1,
                "auxiliaryblocks:red_crystal": 1
            }
        },
        {
            "type": "weighted_target",
            "target": "minecraft:oak_log",
            "output": {
                "architects_palette:twisted_log": 1
            }
        },
        {
            "type": "weighted_target",
            "target": "minecraft:oak_wood",
            "output": {
                "architects_palette:twisted_wood": 1
            }
        },
        {
            "type": "weighted_target",
            "target": "minecraft:oak_leaves",
            "output": {
                "quark:oak_hedge": 1,
                "minecraft:oak_leaves": 1
            }
        },
        {
            "type": "weighted_target",
            "target": "minecraft:oak_planks",
            "output": {
                "architects_palette:twisted_planks": 3,
				"everycomp:q/architects_palette/vertical_twisted_planks": 1
            }
        },
        {
            "type": "weighted_target",
            "target": "minecraft:oak_fence",
            "output": {
                "architects_palette:twisted_fence": 1
            }
        },
        {
            "type": "weighted_target",
            "target": "minecraft:oak_slab",
            "output": {
                "architects_palette:twisted_slab": 1
            }
        },
        {
            "type": "weighted_target",
            "target": "minecraft:oak_trapdoor",
            "output": {
                "architects_palette:twisted_trapdoor": 2,
                "everycomp:mct/architects_palette/twisted_barred_trapdoor": 1,
                "everycomp:mct/architects_palette/twisted_beach_trapdoor": 1,
                "everycomp:mct/architects_palette/twisted_mystic_trapdoor": 1,
                "everycomp:mct/architects_palette/twisted_cottage_trapdoor": 1
            }
        },
        {
            "type": "weighted_target",
            "target": "minecraft:oak_stairs",
            "output": {
                "architects_palette:twisted_stairs": 1
            }
        },
        {
            "type": "weighted_target",
            "target": "minecraft:oak_fence_gate",
            "output": {
                "architects_palette:twisted_fence_gate": 1
            }
        },
        {
            "type": "weighted_target",
            "target": "minecraft:oak_door",
            "output": {
                "architects_palette:twisted_door": 1
            }
        },
        {
            "type": "weighted_target",
            "target": "minecraft:stone_bricks",
            "output": {
                "twigs:polished_rhyolite_bricks": 3,
                "twigs:cracked_polished_rhyolite_bricks": 1
            }
        },
        {
            "type": "weighted_target",
            "target": "minecraft:stone_brick_stairs",
            "output": {
                "twigs:polished_rhyolite_brick_stairs": 1
            }
        },
        {
            "type": "weighted_target",
            "target": "create:andesite_pillar",
            "output": {
                "create:scoria_pillar": 1
            }
        },
        {
            "type": "weighted_target",
            "target": "minecraft:chiseled_stone_bricks",
            "output": {
                "architects_palette:chiseled_sunmetal_block": 1
            }
        },
        {
            "type": "weighted_target",
            "target": "minecraft:stone_brick_slab",
            "output": {
                "twigs:polished_rhyolite_brick_slab": 1
            }
        },
        {
            "type": "weighted_target",
            "target": "quark:stone_brick_vertical_slab",
            "output": {
                "twigs:polished_rhyolite_brick_vertical_slab": 1
            }
        },
        {
            "type": "weighted_target",
            "target": "quark:stone_vertical_slab",
            "output": {
                "twigs:rhyolite_vertical_slab": 1
            }
        },
        {
            "type": "weighted_target",
            "target": "minecraft:stone_brick_wall",
            "output": {
                "twigs:polished_rhyolite_brick_wall": 1
            }
        },
        {
            "type": "weighted_target",
            "target": "minecraft:cobblestone_wall",
            "output": {
                "twigs:rhyolite_wall": 1
            }
        },
        {
            "type": "weighted_target",
            "target": "minecraft:cobblestone_stairs",
            "output": {
                "twigs:rhyolite_stairs": 1
            }
        },
        {
            "type": "weighted_target",
            "target": "minecraft:mossy_stone_bricks",
            "output": {
                "create:scoria": 1,
                "create:cut_scoria": 1,
                "create:polished_cut_scoria": 1
            }
        },
        {
            "type": "weighted_target",
            "target": "minecraft:mossy_cobblestone",
            "output": {
                "architects_palette:weeping_blackstone": 1,
                "architects_palette:weeping_blackstone_bricks": 1,
                "twigs:weeping_polished_blackstone_bricks": 1
            }
        },
        {
            "type": "weighted_target",
            "target": "minecraft:magma_block",
            "output": {
                "minecraft:magma_block": 1
            }
        },
        {
            "type": "weighted_target",
            "target": "minecraft:lava",
            "output": {
                "minecraft:lava": 1
            }
        },
        {
            "type": "weighted_target",
            "target": "minecraft:green_concrete",
            "output": {
				"minecraft:nether_wart_block": 1,
                "auxiliaryblocks:red_gelatin": 1
            }
        },
        {
            "type": "weighted_target",
            "target": "minecraft:moss_carpet",
            "output": {
                "minecraft:air": 1
            }
        },
        {
            "type": "weighted_target",
            "target": "decorative_blocks:brazier",
            "output": {
                "decorative_blocks:soul_brazier": 1
            }
        },
        {
            "type": "weighted_target",
            "target": "minecraft:campfire",
            "output": {
                "minecraft:soul_campfire": 1
            }
        },
        {
            "type": "weighted_target",
            "target": "minecraft:lantern",
            "output": {
                "minecraft:air": 1
            }
        },
        {
            "type": "weighted_target",
            "target": "supplementaries:wall_lantern{Lantern:{Name:\"minecraft:lantern\"}}",
            "output": {
                "minecraft:air": 1
            }
        },
        {
            "type": "weighted_target",
            "target": "minecraft:soul_lantern",
            "output": {
                "minecraft:air": 1
            }
        },
        {
            "type": "weighted_target",
            "target": "minecraft:glass",
            "output": {
                "minecraft:light[level=8]": 1
            }
        },
        {
            "type": "weighted_target",
            "target": "minecraft:cyan_stained_glass",
            "output": {
                "auxiliaryblocks:red_frameless_glass": 1
            }
        },
        {
            "type": "weighted_target",
            "target": "minecraft:light_blue_stained_glass",
            "output": {
                "auxiliaryblocks:black_frameless_glass": 1
            }
        },
        {
            "type": "weighted_target",
            "target": "minecraft:bookshelf",
            "output": {
                "everycomp:q/architects_palette/twisted_bookshelf": 1
            }
        },
        {
            "type": "weighted_target",
            "target": "ecologics:azalea_log",
            "output": {
                "architects_palette:hadaline_lamp": 4
            }
        },
        {
            "type": "weighted_target",
            "target": "ecologics:azalea_fence",
            "output": {
                "architects_palette:hadaline_plating": 1
            }
        },
        {
            "type": "weighted_target",
            "target": "create:cut_crimsite_wall",
            "output": {
                "architects_palette:hadaline_plating": 1
            }
        },
        {
            "type": "weighted_target",
            "target": "quark:azalea_log",
            "output": {
                "create:crimsite_pillar": 1
            }
        },
        {
            "type": "weighted_target",
            "target": "quark:azalea_planks",
            "output": {
                "create:small_crimsite_bricks": 1
            }
        },
        {
            "type": "weighted_target",
            "target": "quark:azalea_planks_stairs",
            "output": {
                "create:polished_cut_crimsite_stairs": 1
            }
        },
        {
            "type": "weighted_target",
            "target": "create:cut_veridium_wall",
            "output": {
                "create:cut_crimsite_wall": 1
            }
        },
        {
            "type": "weighted_target",
            "target": "minecraft:sand",
            "output": {
                "minecraft:red_sand": 1
            }
        },
        {
            "type": "weighted_target",
            "target": "minecraft:potted_oak_sapling",
            "output": {
                "architects_palette:potted_twisted_sapling": 1
            }
        },
        {
            "type": "weighted_target",
            "target": "quark:oak_hedge",
            "output": {
                "quark:oak_hedge": 1
            }
        },
        {
            "type": "weighted_target",
            "target": "decorative_blocks:oak_support",
            "output": {
                "everycomp:db/architects_palette/twisted_support": 1
            }
        },
        {
            "type": "weighted_target",
            "target": "minecraft:end_stone_bricks",
            "output": {
                "architects_palette:onyx_bricks": 3,
                "architects_palette:onyx": 1
            }
        },
        {
            "type": "weighted_target",
            "target": "minecraft:end_stone_brick_stairs",
            "output": {
                "architects_palette:onyx_brick_stairs": 3,
                "architects_palette:onyx_stairs": 1
            }
        },
        {
            "type": "weighted_target",
            "target": "minecraft:end_stone_brick_slab",
            "output": {
                "architects_palette:onyx_brick_slab": 3,
                "architects_palette:onyx_slab": 1
            }
        },
        {
            "type": "weighted_target",
            "target": "minecraft:end_stone",
            "output": {
                "architects_palette:onyx_pillar": 1
            }
        },
        {
            "type": "reference",
            "id": "the_vault:chaos/room_base"
        },
        {
            "type": "reference",
            "id": "the_vault:generic/spawners/cave_mobs"
        },
        {
            "type": "reference",
            "id": "the_vault:generic/common_elite_spawners"
        }
    ],
    "entity_processors": [],
    "decorators": []
}