{
  "tile_processors": [
    {
      "type": "reference",
      "id": "the_vault:generic/room_base"
    },
    {
      "type": "reference",
      "id": "the_vault:generic/challenge_elite_spawners"
    },
    {
      "type": "weighted_target",
      "target": "the_vault:placeholder[type=objective]",
      "output": [
        {
          "block": "the_vault:raid_controller",
          "renderer": {
            "coreColor": "0xCC0000",
            "glyphColor": "0xCC0000",
            "particleColor": "0xCC0000"
          },
          "zone": {
            "min": [-23, -20, -23],
            "max": [23, 27, 23]
          },
          "spawners": [
            {
              "pos": [0, -20, 0],
              "groups": ["ground"]
            },
            {
              "pos": [0, -19, 0],
              "groups": ["elevated"]
            }
          ],
          "waves": {
            "type": "uniform",
            "min": 3,
            "max": 3
          },
          "proxies": [
            {
              "pos": [[3, 0, 0], [-3, 0, 0], [0, 0, 3]],
              "entries": [
                {
                  "action": "positive_base",
                  "probability": 1.0,
                  "count": 1
                },
                {
                  "action": "negative",
                  "probability": 1.0,
                  "count": 1
                },
                {
                  "action": [
                    {
                      "type": "group",
                      "add_pillager": 4,
                      "weight": 6
                    },
                    {
                      "type": "group",
                      "add_vindicator": 6,
                      "weight": 6
                    },
                    {
                      "type": "group",
                      "add_ravager": 2,
                      "weight": 6
                    },
                    {
                      "type": "group",
                      "add_healer": 2,
                      "weight": 6
                    },
                    {
                      "type": "group",
                      "add_evoker": 2,
                      "weight": 6
                    },
                    {
                      "type": "group",
                      "add_vex": 4,
                      "weight": 6
                    },
                    {
                      "type": "group",
                      "add_vindicator_champion": 1,
                      "weight": 3
                    },
                    {
                      "type": "group",
                      "add_vex_champion": 1,
                      "weight": 3
                    },
                    {
                      "type": "group",
                      "add_pillager_champion": 1,
                      "weight": 3
                    },
                    {
                      "type": "group",
                      "add_ravager_champion": 1,
                      "weight": 3
                    }
                  ],
                  "probability": 1.0,
                  "count": 1
                }
              ]
            },
            {
              "pos": [0, 0, -3],
              "entries": [
                {
                  "action": "forfeit",
                  "probability": 1.0,
                  "count": 1
                }
              ]
            }
          ],
          "actions": [
            {
              "type": "group",
              "add_vindicator": 6
            },
            {
              "type": "group",
              "add_pillager": 2
            }
          ],
          "weight": 1
        }
      ]
    }
  ],
  "entity_processors": [],
  "decorators": []
}