{
  "values": {
    "starter": {
      "model": "the_vault:deck/starter_deck#inventory",
      "name": "Starter Deck",
      "essence": {
        "min": 0,
        "max": 0
      },
      "layout": [
        {
          "value": [
            "OOO",
            "OOO",
            "OOO"
          ],
          "weight": 1.0
        }
      ]
    },
    "large": {
      "model": "the_vault:deck/large#inventory",
      "name": "Large Deck",
      "essence": {
        "min": 1,
        "max": 1
      },
      "layout": [
        {
          "value": [
            "OOOOO",
            "OOXOO",
            "OOOOO"
          ],
          "weight": 1.0
        }
      ]
    },
    "double": {
      "model": "the_vault:deck/double#inventory",
      "name": "Double Deck",
      "essence": {
        "min": 1,
        "max": 1
      },
      "layout": [
        {
          "value": [
            "OOXXXOO",
            "OOXOXOO",
            "OOXXXOO"
          ],
          "weight": 1.0
        }
      ]
    },
    "merchant": {
      "model": "the_vault:deck/merchant#inventory",
      "name": "Merchant's Deck",
      "essence": {
        "min": 2,
        "max": 2
      },
      "layout": [
        {
          "value": [
            "XXOOXX",
            "XOOOOX",
            "OOOOOO",
            "XOOOOX",
            "XXOOXX"
          ],
          "weight": 1.0
        }
      ]
    },
    "expanded": {
      "model": "the_vault:deck/expanded#inventory",
      "name": "Expanded Deck",
      "essence": {
        "min": 2,
        "max": 2
      },
      "layout": [
        {
          "value": [
            "OOOO",
            "OOOO",
            "OOOO",
            "OOOO"
          ],
          "weight": 1.0
        }
      ]
    },
    "gdungeon": {
      "model": "the_vault:deck/edge#inventory",
      "name": "The Edge Deck",
      "essence": {
        "min": 3,
        "max": 3
      },
      "layout": [
        {
          "value": [
            "XOXOXOX",
            "OOOOOOO",
            "OOOOOOO",
            "XOXOXOX"
          ],
          "weight": 1.0
        }
      ]
    },
    "ldungeon": {
      "model": "the_vault:deck/mushroom#inventory",
      "name": "The Shroom Deck",
      "essence": {
        "min": 3,
        "max": 3
      },
      "layout": [
        {
          "value": [
            "OOOOOOO",
            "OOOOOOO",
            "XXOOOXX",
            "XXOOOXX"
          ],
          "weight": 1.0
        }
      ]
    },
    "odungeon": {
      "model": "the_vault:deck/anvil#inventory",
      "name": "The Anvil Deck",
      "essence": {
        "min": 3,
        "max": 3
      },
      "layout": [
        {
          "value": [
            "OOOOOOO",
            "XOOOOOX",
            "XXOOOXX",
            "XOOOOOX"
          ],
          "weight": 1.0
        }
      ]
    },
    "treasure": {
      "model": "the_vault:deck/treasure#inventory",
      "name": "The Treasure Deck",
      "essence": {
        "min": 4,
        "max": 4
      },
      "layout": [
        {
          "value": [
            "OOOOOOO",
            "OOOOOOO",
            "OOOOOOO",
            "OOXXXOO"
          ],
          "weight": 1.0
        }
      ]
    },
    "black": {
      "model": "the_vault:deck/black#inventory",
      "name": "The Black Deck",
      "essence": {
        "min": 3,
        "max": 3
      },
      "layout": [
        {
          "value": [
            "OXOOOOOXO",
            "OXOOOOOXO",
            "OXOOOOOXO"
          ],
          "weight": 1.0
        }
      ]
    },
    "lost": {
      "model": "the_vault:deck/lost#inventory",
      "name": "The Lost Deck",
      "essence": {
        "min": 4,
        "max": 4
      },
      "layout": [
        {
          "value": [
            "OOOOOOXOO",
            "OOOOOOXXO",
            "OOXOOOOOX"
          ],
          "weight": 1.0
        }
      ]
    },
    "champion": {
      "model": "the_vault:deck/champion#inventory",
      "name": "The Champion Deck",
      "essence": {
        "min": 2,
        "max": 2
      },
      "layout": [
        {
          "value": [
            "OOOO",
            "OOOO",
            "OOOO",
            "OOOO",
            "XOOX"
          ],
          "weight": 1.0
        }
      ]
    },
    "extended": {
      "model": "the_vault:deck/champion#inventory",
      "name": "The Champion Deck",
      "essence": {
        "min": 2,
        "max": 2
      },
      "layout": [
        {
          "value": [
            "X",
            "X",
            "X",
            "XOOO",
            "XOOX"
          ],
          "weight": 1.0
        }
      ]
    },
    "runic": {
      "model": "the_vault:deck/runic#inventory",
      "name": "The Runic Deck",
      "essence": {
        "min": 3,
        "max": 3
      },
      "layout": [
        {
          "value": [
            "OOOXOXOOO",
            "XXOXOXOXX",
            "XXOXOXOXX",
            "XXOXOXOXX",
            "XXOXOXOXX",
            "OXOXOXOXO"
          ],
          "weight": 1.0
        }
      ]
    },
    "bishop": {
      "model": "the_vault:deck/bishop#inventory",
      "name": "The Bishop Deck",
      "essence": {
        "min": 3,
        "max": 3
      },
      "layout": [
        {
          "value": [
            "OXOXOXOXO",
            "XOXOXOXOX",
            "OXOXOXOXO",
            "XOXOXOXOX",
            "OXOXOXOXO"
          ],
          "weight": 1.0
        }
      ]
    },
    "belt": {
      "model": "the_vault:deck/belt#inventory",
      "name": "The Belt Deck",
      "essence": {
        "min": 3,
        "max": 3
      },
      "layout": [
        {
          "value": [
            "OOOOOOOOO",
            "OXXXXXXXO",
            "OXXXXXXXO",
            "OXXXXXXXO",
            "OXXXXXXXO",
            "OOOOOOOOO"
          ],
          "weight": 1.0
        }
      ]
    },
    "scam": {
      "model": "the_vault:deck/mystery#inventory",
      "name": "The ?",
      "essence": {
        "min": 5,
        "max": 5
      },
      "layout": [
        {
          "value": [
            "OXXXXXXXX",
            "XXXXXXXXX",
            "XXXXXXXXX",
            "XXXOXXXXX",
            "XXXXXXXXX",
            "XXXXXXXXO"
          ],
          "weight": 1.0
        }
      ]
    }
  }
}