{
    "tile_processors": [
      {
        "type": "leveled",
        "levels": [
          {
            "level": 0,
            "type": "weighted_target",
            "target": "minecraft:lime_glazed_terracotta",
            "output": {
              "minecraft:netherite_block": 1,
              "minecraft:magma_block": 20,
              "minecraft:shroomlight": 10,
              "minecraft:ancient_debris": 5
            }
          },
          {
            "level": 25,
            "type": "weighted_target",
            "target": "minecraft:lime_glazed_terracotta",
            "output": {
              "minecraft:netherite_block": 1,
              "minecraft:magma_block": 20,
              "minecraft:shroomlight": 10,
              "minecraft:ancient_debris": 5
            }
          },
          {
            "level": 50,
            "type": "weighted_target",
            "target": "minecraft:lime_glazed_terracotta",
            "output": {
              "minecraft:netherite_block": 1,
              "minecraft:magma_block": 20,
              "minecraft:shroomlight": 10,
              "minecraft:ancient_debris": 5
            }
          },
          {
            "level": 75,
            "type": "weighted_target",
            "target": "minecraft:lime_glazed_terracotta",
            "output": {
              "minecraft:netherite_block": 1,
              "minecraft:magma_block": 18,
              "minecraft:shroomlight": 8,
              "minecraft:ancient_debris": 5
            }
          }
        ]
      },
      {
        "type": "reference",
        "id": "the_vault:generic/challenge_elite_spawners"
      },
      {
        "type": "reference",
        "id": "the_vault:generic/room_base"
      }
    ],
    "entity_processors": [],
    "decorators": []
  }